order_id,reconciliation_status,exception_type,exception_description,expected_settlement,actual_settlement,difference,warning,ai_required
ORD000001,EXCEPTION,SETTLEMENT_AMOUNT_MISMATCH,"Expected settlement is 2954.02, but actual settlement is 2573.02. Difference is 381.00.",2954.02,2573.02,381.0,,True
ORD000002,RECONCILED,,,1959.02,1959.02,0.0,,False
ORD000003,RECONCILED,,,3939.02,3939.02,0.0,,False
ORD000004,RECONCILED,,,1963.02,1963.02,0.0,,False
ORD000005,RECONCILED,,,1963.02,1963.02,0.0,,False
ORD000006,RECONCILED,,,489.02,489.02,0.0,Settlement occurred 4 days after payment.,False
ORD000007,RECONCILED,,,9819.02,9819.02,0.0,,False
ORD000008,EXCEPTION,SETTLEMENT_MISSING,"Successful payment exists, but no settlement record exists.",,,,,True
ORD000009,RECONCILED,,,7018.35,7018.35,0.0,,False
ORD000010,EXCEPTION,SETTLEMENT_AMOUNT_MISMATCH,"Expected settlement is 3939.02, but actual settlement is 3810.02. Difference is 129.00.",3939.02,3810.02,129.0,,True
ORD000011,RECONCILED,,,5891.02,5891.02,0.0,,False
ORD000012,RECONCILED,,,2969.01,2969.01,0.0,,False
ORD000013,RECONCILED,,,2474.01,2474.01,0.0,,False
ORD000014,RECONCILED,,,14421.39,14421.39,0.0,,False
ORD000015,RECONCILED,,,791.01,791.01,0.0,,False
ORD000016,RECONCILED,,,787.02,787.02,0.0,,False
ORD000017,EXCEPTION,SETTLEMENT_MISSING,"Successful payment exists, but no settlement record exists.",,,,,True
ORD000018,RECONCILED,,,7424.01,7424.01,0.0,,False
ORD000019,EXCEPTION,SETTLEMENT_AMOUNT_MISMATCH,"Expected settlement is 1969.02, but actual settlement is 1830.02. Difference is 139.00.",1969.02,1830.02,139.0,,True
ORD000020,RECONCILED,,,4924.02,4924.02,0.0,,False
ORD000021,RECONCILED,,,3919.02,3919.02,0.0,,False
ORD000022,EXCEPTION,SETTLEMENT_AMOUNT_MISMATCH,"Expected settlement is 13175.12, but actual settlement is 13003.12. Difference is 172.00.",13175.12,13003.12,172.0,,True
ORD000023,RECONCILED,,,12434.08,12434.08,0.0,,False
ORD000024,EXCEPTION,SETTLEMENT_AMOUNT_MISMATCH,"Expected settlement is 491.52, but actual settlement is 354.52. Difference is 137.00.",491.52,354.52,137.0,,True
ORD000025,EXCEPTION,PAYMENT_NOT_SUCCESSFUL,Payment was not successful.,,,,,False
ORD000026,EXCEPTION,SETTLEMENT_AMOUNT_MISMATCH,"Expected settlement is 4899.02, but actual settlement is 4368.02. Difference is 531.00.",4899.02,4368.02,531.0,,True
ORD000027,RECONCILED,,,791.01,791.01,0.0,,False
ORD000028,EXCEPTION,PAYMENT_AMOUNT_MISMATCH,"Order amount is 999.00, but payment amount is 868.11.",,,,,True
ORD000029,EXCEPTION,SETTLEMENT_MISSING,"Successful payment exists, but no settlement record exists.",,,,,True
ORD000030,RECONCILED,,,1484.01,1484.01,0.0,,False
ORD000031,RECONCILED,,,9799.02,9799.02,0.0,,False
ORD000032,EXCEPTION,PAYMENT_AMOUNT_MISMATCH,"Order amount is 5999.00, but payment amount is 5077.35.",,,,,True
ORD000033,RECONCILED,,,981.02,981.02,0.0,,False
ORD000034,RECONCILED,,,791.01,791.01,0.0,,False
ORD000035,RECONCILED,,,9082.52,9082.52,0.0,,False
ORD000036,RECONCILED,,,1969.02,1969.02,0.0,,False
ORD000037,EXCEPTION,DUPLICATE_PAYMENT,2 successful payments found for this order.,,,,,True
ORD000038,EXCEPTION,SETTLEMENT_AMOUNT_MISMATCH,"Expected settlement is 1825.54, but actual settlement is 1642.54. Difference is 183.00.",1825.54,1642.54,183.0,,True
ORD000039,EXCEPTION,DUPLICATE_SETTLEMENT,2 settlement records found for this payment.,479.16,479.16,0.0,,True
ORD000040,RECONCILED,,,787.02,787.02,0.0,,False
ORD000041,EXCEPTION,SETTLEMENT_MISSING,"Successful payment exists, but no settlement record exists.",,,,,True
ORD000042,RECONCILED,,,12815.1,12815.1,0.0,,False
ORD000043,EXCEPTION,SETTLEMENT_AMOUNT_MISMATCH,"Expected settlement is 14541.12, but actual settlement is 14436.12. Difference is 105.00.",14541.12,14436.12,105.0,,True
ORD000044,RECONCILED,,,1959.02,1959.02,0.0,,False
ORD000045,EXCEPTION,SETTLEMENT_AMOUNT_MISMATCH,"Expected settlement is 5909.02, but actual settlement is 5794.02. Difference is 115.00.",5909.02,5794.02,115.0,,True
ORD000046,RECONCILED,,,7349.02,7349.02,0.0,Settlement occurred 7 days after payment.,False
ORD000047,RECONCILED,,,5939.01,5939.01,0.0,,False
ORD000048,RECONCILED,,,783.02,783.02,0.0,,False
ORD000049,EXCEPTION,PAYMENT_AMOUNT_MISMATCH,"Order amount is 799.00, but payment amount is 677.77.",,,,,True
ORD000050,RECONCILED,,,3959.01,3959.01,0.0,,False
ORD000051,RECONCILED,,,6857.73,6857.73,0.0,,False
ORD000052,RECONCILED,,,9899.01,9899.01,0.0,,False
ORD000053,RECONCILED,,,9707.88,9707.88,0.0,,False
ORD000054,RECONCILED,,,1476.52,1476.52,0.0,,False
ORD000055,RECONCILED,,,4924.02,4924.02,0.0,,False
ORD000056,RECONCILED,,,3939.02,3939.02,0.0,,False
ORD000057,EXCEPTION,PAYMENT_NOT_SUCCESSFUL,Payment was not successful.,,,,,False
ORD000058,RECONCILED,,,2939.02,2939.02,0.0,,False
ORD000059,RECONCILED,,,984.02,984.02,0.0,,False
ORD000060,RECONCILED,,,1629.54,1629.54,0.0,,False
ORD000061,EXCEPTION,DUPLICATE_PAYMENT,2 successful payments found for this order.,,,,,True
ORD000062,RECONCILED,,,3919.02,3919.02,0.0,,False
ORD000063,EXCEPTION,SETTLEMENT_AMOUNT_MISMATCH,"Expected settlement is 1476.52, but actual settlement is 1259.52. Difference is 217.00.",1476.52,1259.52,217.0,,True
ORD000064,EXCEPTION,SETTLEMENT_AMOUNT_MISMATCH,"Expected settlement is 981.02, but actual settlement is 746.02. Difference is 235.00.",981.02,746.02,235.0,,True
ORD000065,RECONCILED,,,5879.02,5879.02,0.0,,False
ORD000066,RECONCILED,,,7820.9,7820.9,0.0,,False
ORD000067,RECONCILED,,,787.02,787.02,0.0,,False
ORD000068,RECONCILED,,,1476.52,1476.52,0.0,,False
ORD000069,RECONCILED,,,1469.02,1469.02,0.0,,False
ORD000070,EXCEPTION,SETTLEMENT_AMOUNT_MISMATCH,"Expected settlement is 7349.02, but actual settlement is 6439.02. Difference is 910.00.",7349.02,6439.02,910.0,,True
ORD000071,RECONCILED,,,7854.39,7854.39,0.0,,False
ORD000072,EXCEPTION,PAYMENT_AMOUNT_MISMATCH,"Order amount is 6881.00, but payment amount is 5683.33.",,,,,True
ORD000073,RECONCILED,,,7424.01,7424.01,0.0,,False
ORD000074,RECONCILED,,,3919.02,3919.02,0.0,,False
ORD000075,EXCEPTION,SETTLEMENT_AMOUNT_MISMATCH,"Expected settlement is 6058.36, but actual settlement is 5378.36. Difference is 680.00.",6058.36,5378.36,680.0,,True
ORD000076,RECONCILED,,,5939.01,5939.01,0.0,,False
ORD000077,RECONCILED,,,1484.01,1484.01,0.0,,False
ORD000078,RECONCILED,,,9213.96,9213.96,0.0,,False
ORD000079,EXCEPTION,DUPLICATE_PAYMENT,2 successful payments found for this order.,,,,,True
ORD000080,RECONCILED,,,8694.63,8694.63,0.0,,False
ORD000081,RECONCILED,,,494.01,494.01,0.0,,False
ORD000082,RECONCILED,,,489.02,489.02,0.0,,False
ORD000083,RECONCILED,,,979.02,979.02,0.0,,False
ORD000084,EXCEPTION,SETTLEMENT_MISSING,"Successful payment exists, but no settlement record exists.",,,,,True
ORD000085,EXCEPTION,SETTLEMENT_MISSING,"Successful payment exists, but no settlement record exists.",,,,,True
ORD000086,RECONCILED,,,494.01,494.01,0.0,,False
ORD000087,EXCEPTION,SETTLEMENT_AMOUNT_MISMATCH,"Expected settlement is 787.02, but actual settlement is 577.02. Difference is 210.00.",787.02,577.02,210.0,,True
ORD000088,RECONCILED,,,1476.52,1476.52,0.0,,False
ORD000089,RECONCILED,,,6437.97,6437.97,0.0,,False
ORD000090,RECONCILED,,,10081.21,10081.21,0.0,,False
ORD000091,RECONCILED,,,5939.01,5939.01,0.0,,False
ORD000092,RECONCILED,,,3927.02,3927.02,0.0,,False
ORD000093,RECONCILED,,,9849.02,9849.02,0.0,,False
ORD000094,RECONCILED,,,9819.02,9819.02,0.0,,False
ORD000095,RECONCILED,,,1963.02,1963.02,0.0,,False
ORD000096,RECONCILED,,,8186.93,8186.93,0.0,,False
ORD000097,EXCEPTION,SETTLEMENT_MISSING,"Successful payment exists, but no settlement record exists.",,,,,True
ORD000098,RECONCILED,,,11429.94,11429.94,0.0,,False
ORD000099,EXCEPTION,DUPLICATE_PAYMENT,2 successful payments found for this order.,,,,,True
ORD000100,EXCEPTION,PAYMENT_AMOUNT_MISMATCH,"Order amount is 9999.00, but payment amount is 9199.75.",,,,,True
ORD000101,RECONCILED,,,296.01,296.01,0.0,,False
ORD000102,EXCEPTION,SETTLEMENT_AMOUNT_MISMATCH,"Expected settlement is 7364.02, but actual settlement is 6470.02. Difference is 894.00.",7364.02,6470.02,894.0,,True
ORD000103,RECONCILED,,,7785.44,7785.44,0.0,,False
ORD000104,RECONCILED,,,9849.02,9849.02,0.0,,False
ORD000105,RECONCILED,,,14063.94,14063.94,0.0,,False
ORD000106,RECONCILED,,,2461.52,2461.52,0.0,,False
ORD000107,RECONCILED,,,12225.5,12225.5,0.0,,False
ORD000108,EXCEPTION,SETTLEMENT_MISSING,"Successful payment exists, but no settlement record exists.",,,,,True
ORD000109,RECONCILED,,,13446.58,13446.58,0.0,,False
ORD000110,RECONCILED,,,5409.62,5409.62,0.0,,False
ORD000111,RECONCILED,,,2524.55,2524.55,0.0,Settlement occurred 6 days after payment.,False
ORD000112,RECONCILED,,,4630.23,4630.23,0.0,,False
ORD000113,EXCEPTION,DUPLICATE_PAYMENT,2 successful payments found for this order.,,,,,True
ORD000114,EXCEPTION,PAYMENT_AMOUNT_MISMATCH,"Order amount is 2499.00, but payment amount is 2104.16.",,,,,True
ORD000115,EXCEPTION,SETTLEMENT_AMOUNT_MISMATCH,"Expected settlement is 2449.02, but actual settlement is 1887.02. Difference is 562.00.",2449.02,1887.02,562.0,,True
ORD000116,EXCEPTION,DUPLICATE_PAYMENT,2 successful payments found for this order.,,,,,True
ORD000117,RECONCILED,,,2969.01,2969.01,0.0,,False
ORD000118,RECONCILED,,,5891.02,5891.02,0.0,,False
ORD000119,EXCEPTION,SETTLEMENT_AMOUNT_MISMATCH,"Expected settlement is 8543.40, but actual settlement is 8165.40. Difference is 378.00.",8543.4,8165.4,378.0,,True
ORD000120,RECONCILED,,,4899.02,4899.02,0.0,,False
ORD000121,RECONCILED,,,1472.02,1472.02,0.0,,False
ORD000122,RECONCILED,,,1395.42,1395.42,0.0,,False
ORD000123,EXCEPTION,PAYMENT_AMOUNT_MISMATCH,"Order amount is 2499.00, but payment amount is 2200.90.",,,,,True
ORD000124,EXCEPTION,SETTLEMENT_AMOUNT_MISMATCH,"Expected settlement is 1469.02, but actual settlement is 1203.02. Difference is 266.00.",1469.02,1203.02,266.0,,True
ORD000125,RECONCILED,,,3927.02,3927.02,0.0,,False
ORD000126,RECONCILED,,,13235.4,13235.4,0.0,,False
ORD000127,EXCEPTION,SETTLEMENT_MISSING,"Successful payment exists, but no settlement record exists.",,,,,True
ORD000128,RECONCILED,,,3104.72,3104.72,0.0,,False
ORD000129,RECONCILED,,,5891.02,5891.02,0.0,,False
ORD000130,RECONCILED,,,11292.04,11292.04,0.0,,False
ORD000131,EXCEPTION,DUPLICATE_PAYMENT,2 successful payments found for this order.,,,,,True
ORD000132,EXCEPTION,PAYMENT_AMOUNT_MISMATCH,"Order amount is 999.00, but payment amount is 840.97.",,,,,True
ORD000133,RECONCILED,,,3919.02,3919.02,0.0,,False
ORD000134,RECONCILED,,,9849.02,9849.02,0.0,,False
ORD000135,EXCEPTION,SETTLEMENT_MISSING,"Successful payment exists, but no settlement record exists.",,,,,True
ORD000136,RECONCILED,,,293.62,293.62,0.0,,False
ORD000137,RECONCILED,,,1781.01,1781.01,0.0,,False
ORD000138,RECONCILED,,,293.62,293.62,0.0,,False
ORD000139,RECONCILED,,,7364.02,7364.02,0.0,,False
ORD000140,RECONCILED,,,12121.81,12121.81,0.0,,False
ORD000141,RECONCILED,,,2202.75,2202.75,0.0,,False
ORD000142,EXCEPTION,SETTLEMENT_AMOUNT_MISMATCH,"Expected settlement is 3611.30, but actual settlement is 2627.30. Difference is 984.00.",3611.3,2627.3,984.0,,True
ORD000143,RECONCILED,,,2939.02,2939.02,0.0,,False
ORD000144,EXCEPTION,SETTLEMENT_MISSING,"Successful payment exists, but no settlement record exists.",,,,,True
ORD000145,RECONCILED,,,3959.01,3959.01,0.0,,False
ORD000146,EXCEPTION,SETTLEMENT_AMOUNT_MISMATCH,"Expected settlement is 7540.12, but actual settlement is 6692.12. Difference is 848.00.",7540.12,6692.12,848.0,,True
ORD000147,RECONCILED,,,5879.02,5879.02,0.0,,False
ORD000148,EXCEPTION,SETTLEMENT_AMOUNT_MISMATCH,"Expected settlement is 494.01, but actual settlement is 393.01. Difference is 101.00.",494.01,393.01,101.0,,True
ORD000149,EXCEPTION,SETTLEMENT_AMOUNT_MISMATCH,"Expected settlement is 494.01, but actual settlement is 389.01. Difference is 105.00.",494.01,389.01,105.0,,True
ORD000150,RECONCILED,,,2945.02,2945.02,0.0,,False
ORD000151,EXCEPTION,DUPLICATE_PAYMENT,2 successful payments found for this order.,,,,,True
ORD000152,RECONCILED,,,5550.72,5550.72,0.0,,False
ORD000153,RECONCILED,,,1472.02,1472.02,0.0,,False
ORD000154,EXCEPTION,SETTLEMENT_AMOUNT_MISMATCH,"Expected settlement is 9849.02, but actual settlement is 9154.02. Difference is 695.00.",9849.02,9154.02,695.0,,True
ORD000155,EXCEPTION,SETTLEMENT_MISSING,"Successful payment exists, but no settlement record exists.",,,,,True
ORD000156,RECONCILED,,,2954.02,2954.02,0.0,,False
ORD000157,RECONCILED,,,9849.02,9849.02,0.0,,False
ORD000158,RECONCILED,,,5891.02,5891.02,0.0,,False
ORD000159,EXCEPTION,SETTLEMENT_AMOUNT_MISMATCH,"Expected settlement is 7349.02, but actual settlement is 6512.02. Difference is 837.00.",7349.02,6512.02,837.0,,True
ORD000160,EXCEPTION,SETTLEMENT_AMOUNT_MISMATCH,"Expected settlement is 7888.41, but actual settlement is 6956.41. Difference is 932.00.",7888.41,6956.41,932.0,,True
ORD000161,RECONCILED,,,1484.01,1484.01,0.0,,False
ORD000162,RECONCILED,,,2461.52,2461.52,0.0,,False
ORD000163,RECONCILED,,,3919.02,3919.02,0.0,,False
ORD000164,EXCEPTION,SETTLEMENT_AMOUNT_MISMATCH,"Expected settlement is 6124.73, but actual settlement is 5692.73. Difference is 432.00.",6124.73,5692.73,432.0,,True
ORD000165,RECONCILED,,,2454.02,2454.02,0.0,,False
ORD000166,RECONCILED,,,490.02,490.02,0.0,,False
ORD000167,EXCEPTION,SETTLEMENT_AMOUNT_MISMATCH,"Expected settlement is 2841.91, but actual settlement is 2258.91. Difference is 583.00.",2841.91,2258.91,583.0,,True
ORD000168,EXCEPTION,SETTLEMENT_MISSING,"Successful payment exists, but no settlement record exists.",,,,,True
ORD000169,RECONCILED,,,6027.22,6027.22,0.0,,False
ORD000170,EXCEPTION,SETTLEMENT_AMOUNT_MISMATCH,"Expected settlement is 4899.02, but actual settlement is 4704.02. Difference is 195.00.",4899.02,4704.02,195.0,,True
ORD000171,EXCEPTION,PAYMENT_AMOUNT_MISMATCH,"Order amount is 2999.00, but payment amount is 2417.70.",,,,,True
ORD000172,RECONCILED,,,13527.36,13527.36,0.0,,False
ORD000173,RECONCILED,,,7424.01,7424.01,0.0,,False
ORD000174,RECONCILED,,,4924.02,4924.02,0.0,,False
ORD000175,RECONCILED,,,12586.14,12586.14,0.0,,False
ORD000176,EXCEPTION,SETTLEMENT_AMOUNT_MISMATCH,"Expected settlement is 5722.11, but actual settlement is 5240.11. Difference is 482.00.",5722.11,5240.11,482.0,,True
ORD000177,RECONCILED,,,9799.02,9799.02,0.0,,False
ORD000178,RECONCILED,,,2969.01,2969.01,0.0,,False
ORD000179,RECONCILED,,,2954.02,2954.02,0.0,,False
ORD000180,RECONCILED,,,7349.02,7349.02,0.0,,False
ORD000181,RECONCILED,,,3927.02,3927.02,0.0,,False
ORD000182,RECONCILED,,,9589.3,9589.3,0.0,,False
ORD000183,RECONCILED,,,9899.01,9899.01,0.0,,False
ORD000184,RECONCILED,,,3939.02,3939.02,0.0,,False
ORD000185,EXCEPTION,DUPLICATE_SETTLEMENT,2 settlement records found for this payment.,979.02,979.02,0.0,,True
ORD000186,RECONCILED,,,2969.01,2969.01,0.0,,False
ORD000187,EXCEPTION,SETTLEMENT_AMOUNT_MISMATCH,"Expected settlement is 7929.90, but actual settlement is 7770.90. Difference is 159.00.",7929.9,7770.9,159.0,,True
ORD000188,RECONCILED,,,784.62,784.62,0.0,,False
ORD000189,RECONCILED,,,4899.02,4899.02,0.0,,False
ORD000190,RECONCILED,,,1963.02,1963.02,0.0,,False
ORD000191,RECONCILED,,,5891.02,5891.02,0.0,,False
ORD000192,EXCEPTION,SETTLEMENT_AMOUNT_MISMATCH,"Expected settlement is 7386.52, but actual settlement is 6690.52. Difference is 696.00.",7386.52,6690.52,696.0,,True
ORD000193,RECONCILED,,,296.01,296.01,0.0,,False
ORD000194,RECONCILED,,,657.0,657.0,0.0,,False
ORD000195,RECONCILED,,,7349.02,7349.02,0.0,,False
ORD000196,RECONCILED,,,491.52,491.52,0.0,Settlement occurred 7 days after payment.,False
ORD000197,EXCEPTION,SETTLEMENT_MISSING,"Successful payment exists, but no settlement record exists.",,,,,True
ORD000198,RECONCILED,,,3260.35,3260.35,0.0,,False
ORD000199,RECONCILED,,,2398.48,2398.48,0.0,,False
ORD000200,RECONCILED,,,491.52,491.52,0.0,,False
ORD000201,RECONCILED,,,787.02,787.02,0.0,,False
ORD000202,RECONCILED,,,2454.02,2454.02,0.0,Settlement occurred 7 days after payment.,False
ORD000203,RECONCILED,,,10969.94,10969.94,0.0,,False
ORD000204,RECONCILED,,,9849.02,9849.02,0.0,,False
ORD000205,RECONCILED,,,1979.01,1979.01,0.0,,False
ORD000206,RECONCILED,,,4924.02,4924.02,0.0,,False
ORD000207,RECONCILED,,,4899.02,4899.02,0.0,,False
ORD000208,RECONCILED,,,979.02,979.02,0.0,,False
ORD000209,EXCEPTION,SETTLEMENT_AMOUNT_MISMATCH,"Expected settlement is 989.01, but actual settlement is 863.01. Difference is 126.00.",989.01,863.01,126.0,,True
ORD000210,RECONCILED,,,783.02,783.02,0.0,,False
ORD000211,RECONCILED,,,5939.01,5939.01,0.0,,False
ORD000212,EXCEPTION,PAYMENT_AMOUNT_MISMATCH,"Order amount is 502.00, but payment amount is 409.39.",,,,,True
ORD000213,RECONCILED,,,9799.02,9799.02,0.0,,False
ORD000214,RECONCILED,,,7424.01,7424.01,0.0,,False
ORD000215,EXCEPTION,SETTLEMENT_AMOUNT_MISMATCH,"Expected settlement is 1979.01, but actual settlement is 1606.01. Difference is 373.00.",1979.01,1606.01,373.0,,True
ORD000216,RECONCILED,,,787.02,787.02,0.0,,False
ORD000217,EXCEPTION,SETTLEMENT_AMOUNT_MISMATCH,"Expected settlement is 293.02, but actual settlement is 193.02. Difference is 100.00.",293.02,193.02,100.0,,True
ORD000218,EXCEPTION,SETTLEMENT_MISSING,"Successful payment exists, but no settlement record exists.",,,,,True
ORD000219,EXCEPTION,DUPLICATE_PAYMENT,2 successful payments found for this order.,,,,,True
ORD000220,RECONCILED,,,7424.01,7424.01,0.0,,False
ORD000221,EXCEPTION,DUPLICATE_PAYMENT,2 successful payments found for this order.,,,,,True
ORD000222,EXCEPTION,SETTLEMENT_AMOUNT_MISMATCH,"Expected settlement is 12473.44, but actual settlement is 12011.44. Difference is 462.00.",12473.44,12011.44,462.0,,True
ORD000223,RECONCILED,,,5939.01,5939.01,0.0,,False
ORD000224,EXCEPTION,SETTLEMENT_AMOUNT_MISMATCH,"Expected settlement is 8052.38, but actual settlement is 7301.38. Difference is 751.00.",8052.38,7301.38,751.0,,True
ORD000225,RECONCILED,,,296.01,296.01,0.0,,False
ORD000226,RECONCILED,,,13263.03,13263.03,0.0,Settlement occurred 7 days after payment.,False
ORD000227,RECONCILED,,,7364.02,7364.02,0.0,,False
ORD000228,RECONCILED,,,2286.19,2286.19,0.0,,False
ORD000229,EXCEPTION,SETTLEMENT_AMOUNT_MISMATCH,"Expected settlement is 1963.02, but actual settlement is 1399.02. Difference is 564.00.",1963.02,1399.02,564.0,,True
ORD000230,EXCEPTION,PAYMENT_NOT_SUCCESSFUL,Payment was not successful.,,,,,False
ORD000231,RECONCILED,,,1979.01,1979.01,0.0,,False
ORD000232,RECONCILED,,,14035.73,14035.73,0.0,,False
ORD000233,RECONCILED,,,783.02,783.02,0.0,,False
ORD000234,EXCEPTION,SETTLEMENT_AMOUNT_MISMATCH,"Expected settlement is 2969.01, but actual settlement is 2628.01. Difference is 341.00.",2969.01,2628.01,341.0,,True
ORD000235,RECONCILED,,,791.01,791.01,0.0,,False
ORD000236,EXCEPTION,SETTLEMENT_AMOUNT_MISMATCH,"Expected settlement is 8952.89, but actual settlement is 8545.89. Difference is 407.00.",8952.89,8545.89,407.0,,True
ORD000237,RECONCILED,,,10253.43,10253.43,0.0,,False
ORD000238,RECONCILED,,,2454.02,2454.02,0.0,,False
ORD000239,EXCEPTION,SETTLEMENT_MISSING,"Successful payment exists, but no settlement record exists.",,,,,True
ORD000240,EXCEPTION,PAYMENT_NOT_SUCCESSFUL,Payment was not successful.,,,,,False
ORD000241,RECONCILED,,,800.66,800.66,0.0,,False
ORD000242,RECONCILED,,,6803.28,6803.28,0.0,,False
ORD000243,RECONCILED,,,787.02,787.02,0.0,,False
ORD000244,EXCEPTION,SETTLEMENT_MISSING,"Successful payment exists, but no settlement record exists.",,,,,True
ORD000245,RECONCILED,,,4899.02,4899.02,0.0,,False
ORD000246,RECONCILED,,,7364.02,7364.02,0.0,,False
ORD000247,RECONCILED,,,2939.02,2939.02,0.0,Settlement occurred 4 days after payment.,False
ORD000248,RECONCILED,,,989.01,989.01,0.0,,False
ORD000249,RECONCILED,,,13407.25,13407.25,0.0,,False
ORD000250,EXCEPTION,SETTLEMENT_AMOUNT_MISMATCH,"Expected settlement is 783.02, but actual settlement is 629.02. Difference is 154.00.",783.02,629.02,154.0,,True
ORD000251,RECONCILED,,,3939.02,3939.02,0.0,Settlement occurred 6 days after payment.,False
ORD000252,RECONCILED,,,296.01,296.01,0.0,,False
ORD000253,EXCEPTION,SETTLEMENT_AMOUNT_MISMATCH,"Expected settlement is 6704.11, but actual settlement is 6158.11. Difference is 546.00.",6704.11,6158.11,546.0,,True
ORD000254,RECONCILED,,,1963.02,1963.02,0.0,,False
ORD000255,EXCEPTION,SETTLEMENT_AMOUNT_MISMATCH,"Expected settlement is 4368.87, but actual settlement is 3755.87. Difference is 613.00.",4368.87,3755.87,613.0,,True
ORD000256,EXCEPTION,SETTLEMENT_AMOUNT_MISMATCH,"Expected settlement is 6288.66, but actual settlement is 5461.66. Difference is 827.00.",6288.66,5461.66,827.0,,True
ORD000257,RECONCILED,,,2969.01,2969.01,0.0,,False
ORD000258,RECONCILED,,,787.02,787.02,0.0,,False
ORD000259,RECONCILED,,,1469.02,1469.02,0.0,,False
ORD000260,RECONCILED,,,293.02,293.02,0.0,,False
ORD000261,RECONCILED,,,981.02,981.02,0.0,,False
ORD000262,RECONCILED,,,3919.02,3919.02,0.0,,False
ORD000263,EXCEPTION,DUPLICATE_PAYMENT,2 successful payments found for this order.,,,,,True
ORD000264,EXCEPTION,SETTLEMENT_MISSING,"Successful payment exists, but no settlement record exists.",,,,,True
ORD000265,EXCEPTION,SETTLEMENT_AMOUNT_MISMATCH,"Expected settlement is 494.01, but actual settlement is 392.01. Difference is 102.00.",494.01,392.01,102.0,,True
ORD000266,EXCEPTION,SETTLEMENT_MISSING,"Successful payment exists, but no settlement record exists.",,,,,True
ORD000267,EXCEPTION,SETTLEMENT_AMOUNT_MISMATCH,"Expected settlement is 7349.02, but actual settlement is 6469.02. Difference is 880.00.",7349.02,6469.02,880.0,,True
ORD000268,EXCEPTION,SETTLEMENT_AMOUNT_MISMATCH,"Expected settlement is 2454.02, but actual settlement is 2179.02. Difference is 275.00.",2454.02,2179.02,275.0,,True
ORD000269,EXCEPTION,SETTLEMENT_AMOUNT_MISMATCH,"Expected settlement is 7349.02, but actual settlement is 7126.02. Difference is 223.00.",7349.02,7126.02,223.0,,True
ORD000270,EXCEPTION,DUPLICATE_PAYMENT,2 successful payments found for this order.,,,,,True
ORD000271,EXCEPTION,SETTLEMENT_AMOUNT_MISMATCH,"Expected settlement is 490.02, but actual settlement is 348.02. Difference is 142.00.",490.02,348.02,142.0,,True
ORD000272,RECONCILED,,,490.02,490.02,0.0,,False
ORD000273,EXCEPTION,SETTLEMENT_MISSING,"Successful payment exists, but no settlement record exists.",,,,,True
ORD000274,RECONCILED,,,3959.01,3959.01,0.0,,False
ORD000275,EXCEPTION,SETTLEMENT_MISSING,"Successful payment exists, but no settlement record exists.",,,,,True
ORD000276,EXCEPTION,SETTLEMENT_MISSING,"Successful payment exists, but no settlement record exists.",,,,,True
ORD000277,RECONCILED,,,5891.02,5891.02,0.0,,False
ORD000278,EXCEPTION,DUPLICATE_PAYMENT,2 successful payments found for this order.,,,,,True
ORD000279,RECONCILED,,,293.62,293.62,0.0,,False
ORD000280,EXCEPTION,SETTLEMENT_MISSING,"Successful payment exists, but no settlement record exists.",,,,,True
ORD000281,RECONCILED,,,1472.02,1472.02,0.0,,False
ORD000282,RECONCILED,,,9955.4,9955.4,0.0,,False
ORD000283,RECONCILED,,,1476.52,1476.52,0.0,,False
ORD000284,RECONCILED,,,9899.01,9899.01,0.0,,False
ORD000285,RECONCILED,,,10108.7,10108.7,0.0,,False
ORD000286,EXCEPTION,SETTLEMENT_AMOUNT_MISMATCH,"Expected settlement is 5909.02, but actual settlement is 5195.02. Difference is 714.00.",5909.02,5195.02,714.0,,True
ORD000287,RECONCILED,,,5935.05,5935.05,0.0,,False
ORD000288,RECONCILED,,,14049.47,14049.47,0.0,,False
ORD000289,EXCEPTION,SETTLEMENT_AMOUNT_MISMATCH,"Expected settlement is 783.02, but actual settlement is 675.02. Difference is 108.00.",783.02,675.02,108.0,,True
ORD000290,EXCEPTION,SETTLEMENT_AMOUNT_MISMATCH,"Expected settlement is 979.02, but actual settlement is 840.02. Difference is 139.00.",979.02,840.02,139.0,,True
ORD000291,EXCEPTION,SETTLEMENT_AMOUNT_MISMATCH,"Expected settlement is 13199.99, but actual settlement is 13035.99. Difference is 164.00.",13199.99,13035.99,164.0,,True
ORD000292,EXCEPTION,SETTLEMENT_MISSING,"Successful payment exists, but no settlement record exists.",,,,,True
ORD000293,RECONCILED,,,10516.38,10516.38,0.0,,False
ORD000294,RECONCILED,,,3927.02,3927.02,0.0,,False
ORD000295,RECONCILED,,,12638.08,12638.08,0.0,,False
ORD000296,RECONCILED,,,9023.6,9023.6,0.0,,False
ORD000297,RECONCILED,,,5891.02,5891.02,0.0,,False
ORD000298,RECONCILED,,,4949.01,4949.01,0.0,,False
ORD000299,EXCEPTION,SETTLEMENT_MISSING,"Successful payment exists, but no settlement record exists.",,,,,True
ORD000300,EXCEPTION,SETTLEMENT_AMOUNT_MISMATCH,"Expected settlement is 3959.01, but actual settlement is 3162.01. Difference is 797.00.",3959.01,3162.01,797.0,,True
ORD000301,RECONCILED,,,1469.02,1469.02,0.0,,False
ORD000302,RECONCILED,,,1469.02,1469.02,0.0,,False
ORD000303,EXCEPTION,PAYMENT_NOT_SUCCESSFUL,Payment was not successful.,,,,,False
ORD000304,EXCEPTION,SETTLEMENT_AMOUNT_MISMATCH,"Expected settlement is 4899.02, but actual settlement is 4222.02. Difference is 677.00.",4899.02,4222.02,677.0,,True
ORD000305,RECONCILED,,,293.62,293.62,0.0,,False
ORD000306,RECONCILED,,,10013.51,10013.51,0.0,,False
ORD000307,RECONCILED,,,2262.53,2262.53,0.0,Settlement occurred 3 days after payment.,False
ORD000308,EXCEPTION,PAYMENT_AMOUNT_MISMATCH,"Order amount is 1499.00, but payment amount is 1365.82.",,,,,True
ORD000309,RECONCILED,,,11093.65,11093.65,0.0,,False
ORD000310,RECONCILED,,,2939.02,2939.02,0.0,,False
ORD000311,RECONCILED,,,7386.52,7386.52,0.0,,False
ORD000312,RECONCILED,,,1979.01,1979.01,0.0,,False
ORD000313,EXCEPTION,PAYMENT_NOT_SUCCESSFUL,Payment was not successful.,,,,,False
ORD000314,EXCEPTION,DUPLICATE_PAYMENT,2 successful payments found for this order.,,,,,True
ORD000315,EXCEPTION,DUPLICATE_PAYMENT,2 successful payments found for this order.,,,,,True
ORD000316,RECONCILED,,,6941.76,6941.76,0.0,,False
ORD000317,RECONCILED,,,9229.64,9229.64,0.0,Settlement occurred 3 days after payment.,False
ORD000318,RECONCILED,,,2939.02,2939.02,0.0,,False
ORD000319,RECONCILED,,,4924.02,4924.02,0.0,,False
ORD000320,EXCEPTION,SETTLEMENT_AMOUNT_MISMATCH,"Expected settlement is 4899.02, but actual settlement is 4343.02. Difference is 556.00.",4899.02,4343.02,556.0,,True
ORD000321,EXCEPTION,PAYMENT_AMOUNT_MISMATCH,"Order amount is 2176.00, but payment amount is 1757.18.",,,,,True
ORD000322,RECONCILED,,,2454.02,2454.02,0.0,,False
ORD000323,RECONCILED,,,2969.01,2969.01,0.0,,False
ORD000324,EXCEPTION,SETTLEMENT_AMOUNT_MISMATCH,"Expected settlement is 11538.29, but actual settlement is 10552.29. Difference is 986.00.",11538.29,10552.29,986.0,,True
ORD000325,RECONCILED,,,9799.02,9799.02,0.0,,False
ORD000326,RECONCILED,,,7386.52,7386.52,0.0,,False
ORD000327,RECONCILED,,,3959.01,3959.01,0.0,,False
ORD000328,EXCEPTION,SETTLEMENT_AMOUNT_MISMATCH,"Expected settlement is 8345.68, but actual settlement is 7875.68. Difference is 470.00.",8345.68,7875.68,470.0,,True
ORD000329,RECONCILED,,,4520.74,4520.74,0.0,,False
ORD000330,RECONCILED,,,5939.01,5939.01,0.0,,False
ORD000331,RECONCILED,,,10647.7,10647.7,0.0,,False
ORD000332,RECONCILED,,,4949.01,4949.01,0.0,,False
ORD000333,EXCEPTION,SETTLEMENT_AMOUNT_MISMATCH,"Expected settlement is 293.02, but actual settlement is 193.02. Difference is 100.00.",293.02,193.02,100.0,,True
ORD000334,RECONCILED,,,981.02,981.02,0.0,,False
ORD000335,RECONCILED,,,3959.01,3959.01,0.0,,False
ORD000336,RECONCILED,,,490.02,490.02,0.0,,False
ORD000337,EXCEPTION,SETTLEMENT_AMOUNT_MISMATCH,"Expected settlement is 5939.01, but actual settlement is 5117.01. Difference is 822.00.",5939.01,5117.01,822.0,,True
ORD000338,RECONCILED,,,2474.01,2474.01,0.0,Settlement occurred 5 days after payment.,False
ORD000339,EXCEPTION,SETTLEMENT_AMOUNT_MISMATCH,"Expected settlement is 979.02, but actual settlement is 768.02. Difference is 211.00.",979.02,768.02,211.0,,True
ORD000340,RECONCILED,,,1469.02,1469.02,0.0,,False
ORD000341,EXCEPTION,PAYMENT_NOT_SUCCESSFUL,Payment was not successful.,,,,,False
ORD000342,EXCEPTION,PAYMENT_NOT_SUCCESSFUL,Payment was not successful.,,,,,False
ORD000343,RECONCILED,,,1979.01,1979.01,0.0,,False
ORD000344,EXCEPTION,SETTLEMENT_MISSING,"Successful payment exists, but no settlement record exists.",,,,,True
ORD000345,RECONCILED,,,4949.01,4949.01,0.0,,False
ORD000346,RECONCILED,,,2474.01,2474.01,0.0,,False
ORD000347,RECONCILED,,,6147.54,6147.54,0.0,,False
ORD000348,RECONCILED,,,5891.02,5891.02,0.0,,False
ORD000349,RECONCILED,,,14632.18,14632.18,0.0,,False
ORD000350,EXCEPTION,SETTLEMENT_AMOUNT_MISMATCH,"Expected settlement is 12365.34, but actual settlement is 12192.34. Difference is 173.00.",12365.34,12192.34,173.0,,True
ORD000351,RECONCILED,,,2461.52,2461.52,0.0,,False
ORD000352,RECONCILED,,,1111.62,1111.62,0.0,,False
ORD000353,EXCEPTION,SETTLEMENT_AMOUNT_MISMATCH,"Expected settlement is 3927.02, but actual settlement is 3661.02. Difference is 266.00.",3927.02,3661.02,266.0,,True
ORD000354,RECONCILED,,,2945.02,2945.02,0.0,,False
ORD000355,RECONCILED,,,5879.02,5879.02,0.0,,False
ORD000356,EXCEPTION,PAYMENT_AMOUNT_MISMATCH,"Order amount is 799.00, but payment amount is 650.90.",,,,,True
ORD000357,RECONCILED,,,1469.02,1469.02,0.0,,False
ORD000358,RECONCILED,,,1476.52,1476.52,0.0,,False
ORD000359,RECONCILED,,,784.62,784.62,0.0,,False
ORD000360,EXCEPTION,PAYMENT_AMOUNT_MISMATCH,"Order amount is 799.00, but payment amount is 664.69.",,,,,True
ORD000361,RECONCILED,,,1476.52,1476.52,0.0,,False
ORD000362,RECONCILED,,,5879.02,5879.02,0.0,Settlement occurred 6 days after payment.,False
ORD000363,RECONCILED,,,215.72,215.72,0.0,,False
ORD000364,EXCEPTION,SETTLEMENT_AMOUNT_MISMATCH,"Expected settlement is 489.02, but actual settlement is 361.02. Difference is 128.00.",489.02,361.02,128.0,,True
ORD000365,RECONCILED,,,4949.01,4949.01,0.0,,False
ORD000366,RECONCILED,,,1486.37,1486.37,0.0,Settlement occurred 6 days after payment.,False
ORD000367,RECONCILED,,,4577.1,4577.1,0.0,,False
ORD000368,EXCEPTION,SETTLEMENT_AMOUNT_MISMATCH,"Expected settlement is 1535.66, but actual settlement is 1198.66. Difference is 337.00.",1535.66,1198.66,337.0,,True
ORD000369,EXCEPTION,SETTLEMENT_AMOUNT_MISMATCH,"Expected settlement is 293.02, but actual settlement is 193.02. Difference is 100.00.",293.02,193.02,100.0,,True
ORD000370,RECONCILED,,,2945.02,2945.02,0.0,,False
ORD000371,RECONCILED,,,1959.02,1959.02,0.0,,False
ORD000372,RECONCILED,,,1472.02,1472.02,0.0,,False
ORD000373,RECONCILED,,,8330.98,8330.98,0.0,,False
ORD000374,EXCEPTION,SETTLEMENT_AMOUNT_MISMATCH,"Expected settlement is 2945.02, but actual settlement is 2771.02. Difference is 174.00.",2945.02,2771.02,174.0,,True
ORD000375,RECONCILED,,,1959.02,1959.02,0.0,,False
ORD000376,EXCEPTION,PAYMENT_NOT_SUCCESSFUL,Payment was not successful.,,,,,False
ORD000377,RECONCILED,,,2954.02,2954.02,0.0,,False
ORD000378,RECONCILED,,,3959.01,3959.01,0.0,,False
ORD000379,RECONCILED,,,784.62,784.62,0.0,,False
ORD000380,RECONCILED,,,4924.02,4924.02,0.0,,False
ORD000381,RECONCILED,,,783.02,783.02,0.0,,False
ORD000382,RECONCILED,,,7364.02,7364.02,0.0,,False
ORD000383,EXCEPTION,SETTLEMENT_MISSING,"Successful payment exists, but no settlement record exists.",,,,,True
ORD000384,EXCEPTION,SETTLEMENT_AMOUNT_MISMATCH,"Expected settlement is 494.01, but actual settlement is 353.01. Difference is 141.00.",494.01,353.01,141.0,,True
ORD000385,RECONCILED,,,14518.35,14518.35,0.0,,False
ORD000386,RECONCILED,,,296.01,296.01,0.0,,False
ORD000387,EXCEPTION,PAYMENT_AMOUNT_MISMATCH,"Order amount is 9999.00, but payment amount is 8862.00.",,,,,True
ORD000388,RECONCILED,,,294.52,294.52,0.0,,False
ORD000389,EXCEPTION,SETTLEMENT_AMOUNT_MISMATCH,"Expected settlement is 12837.02, but actual settlement is 12171.02. Difference is 666.00.",12837.02,12171.02,666.0,,True
ORD000390,RECONCILED,,,1959.02,1959.02,0.0,,False
ORD000391,EXCEPTION,DUPLICATE_PAYMENT,2 successful payments found for this order.,,,,,True
ORD000392,RECONCILED,,,9819.02,9819.02,0.0,,False
ORD000393,RECONCILED,,,1476.52,1476.52,0.0,,False
ORD000394,RECONCILED,,,7424.01,7424.01,0.0,,False
ORD000395,RECONCILED,,,2969.01,2969.01,0.0,,False
ORD000396,RECONCILED,,,787.02,787.02,0.0,,False
ORD000397,EXCEPTION,DUPLICATE_PAYMENT,2 successful payments found for this order.,,,,,True
ORD000398,RECONCILED,,,2969.01,2969.01,0.0,,False
ORD000399,RECONCILED,,,2449.02,2449.02,0.0,,False
ORD000400,RECONCILED,,,12295.08,12295.08,0.0,,False
ORD000401,RECONCILED,,,9819.02,9819.02,0.0,,False
ORD000402,EXCEPTION,SETTLEMENT_AMOUNT_MISMATCH,"Expected settlement is 8514.92, but actual settlement is 7991.92. Difference is 523.00.",8514.92,7991.92,523.0,,True
ORD000403,EXCEPTION,DUPLICATE_SETTLEMENT,2 settlement records found for this payment.,979.02,979.02,0.0,,True
ORD000404,RECONCILED,,,979.02,979.02,0.0,,False
ORD000405,RECONCILED,,,981.02,981.02,0.0,,False
ORD000406,EXCEPTION,SETTLEMENT_MISSING,"Successful payment exists, but no settlement record exists.",,,,,True
ORD000407,EXCEPTION,SETTLEMENT_AMOUNT_MISMATCH,"Expected settlement is 2461.52, but actual settlement is 2128.52. Difference is 333.00.",2461.52,2128.52,333.0,,True
ORD000408,RECONCILED,,,1979.01,1979.01,0.0,,False
ORD000409,RECONCILED,,,1472.02,1472.02,0.0,Settlement occurred 6 days after payment.,False
ORD000410,RECONCILED,,,2474.01,2474.01,0.0,,False
ORD000411,EXCEPTION,DUPLICATE_SETTLEMENT,2 settlement records found for this payment.,791.01,791.01,0.0,,True
ORD000412,RECONCILED,,,4909.02,4909.02,0.0,,False
ORD000413,EXCEPTION,DUPLICATE_PAYMENT,2 successful payments found for this order.,,,,,True
ORD000414,RECONCILED,,,5338.06,5338.06,0.0,,False
ORD000415,RECONCILED,,,491.52,491.52,0.0,,False
ORD000416,RECONCILED,,,989.01,989.01,0.0,,False
ORD000417,RECONCILED,,,3959.01,3959.01,0.0,,False
ORD000418,RECONCILED,,,12188.26,12188.26,0.0,,False
ORD000419,RECONCILED,,,2945.02,2945.02,0.0,,False
ORD000420,RECONCILED,,,7327.68,7327.68,0.0,,False
ORD000421,EXCEPTION,PAYMENT_NOT_SUCCESSFUL,Payment was not successful.,,,,,False
ORD000422,EXCEPTION,DUPLICATE_PAYMENT,2 successful payments found for this order.,,,,,True
ORD000423,RECONCILED,,,7114.14,7114.14,0.0,,False
ORD000424,RECONCILED,,,1969.02,1969.02,0.0,Settlement occurred 5 days after payment.,False
ORD000425,RECONCILED,,,783.02,783.02,0.0,,False
ORD000426,RECONCILED,,,490.02,490.02,0.0,,False
ORD000427,RECONCILED,,,5891.02,5891.02,0.0,,False
ORD000428,EXCEPTION,SETTLEMENT_AMOUNT_MISMATCH,"Expected settlement is 293.02, but actual settlement is 193.02. Difference is 100.00.",293.02,193.02,100.0,,True
ORD000429,EXCEPTION,SETTLEMENT_AMOUNT_MISMATCH,"Expected settlement is 10216.42, but actual settlement is 9361.42. Difference is 855.00.",10216.42,9361.42,855.0,,True
ORD000430,EXCEPTION,SETTLEMENT_AMOUNT_MISMATCH,"Expected settlement is 9819.02, but actual settlement is 9271.02. Difference is 548.00.",9819.02,9271.02,548.0,,True
ORD000431,RECONCILED,,,8179.44,8179.44,0.0,,False
ORD000432,RECONCILED,,,783.02,783.02,0.0,,False
ORD000433,EXCEPTION,PAYMENT_AMOUNT_MISMATCH,"Order amount is 1999.00, but payment amount is 1878.22.",,,,,True
ORD000434,RECONCILED,,,7424.01,7424.01,0.0,,False
ORD000435,EXCEPTION,SETTLEMENT_MISSING,"Successful payment exists, but no settlement record exists.",,,,,True
ORD000436,RECONCILED,,,294.52,294.52,0.0,,False
ORD000437,EXCEPTION,PAYMENT_AMOUNT_MISMATCH,"Order amount is 1386.00, but payment amount is 1135.10.",,,,,True
ORD000438,EXCEPTION,SETTLEMENT_AMOUNT_MISMATCH,"Expected settlement is 2461.52, but actual settlement is 1872.52. Difference is 589.00.",2461.52,1872.52,589.0,,True
ORD000439,EXCEPTION,SETTLEMENT_AMOUNT_MISMATCH,"Expected settlement is 791.01, but actual settlement is 568.01. Difference is 223.00.",791.01,568.01,223.0,,True
ORD000440,RECONCILED,,,5891.02,5891.02,0.0,,False
ORD000441,RECONCILED,,,7424.01,7424.01,0.0,,False
ORD000442,RECONCILED,,,1959.02,1959.02,0.0,,False
ORD000443,RECONCILED,,,984.02,984.02,0.0,,False
ORD000444,RECONCILED,,,984.02,984.02,0.0,,False
ORD000445,RECONCILED,,,5909.02,5909.02,0.0,,False
ORD000446,RECONCILED,,,491.52,491.52,0.0,,False
ORD000447,RECONCILED,,,490.02,490.02,0.0,,False
ORD000448,RECONCILED,,,1674.31,1674.31,0.0,,False
ORD000449,RECONCILED,,,4899.02,4899.02,0.0,Settlement occurred 6 days after payment.,False
ORD000450,EXCEPTION,PAYMENT_AMOUNT_MISMATCH,"Order amount is 5999.00, but payment amount is 5007.84.",,,,,True
ORD000451,RECONCILED,,,5909.02,5909.02,0.0,,False
ORD000452,RECONCILED,,,5909.02,5909.02,0.0,,False
ORD000453,RECONCILED,,,4837.33,4837.33,0.0,,False
ORD000454,RECONCILED,,,9799.02,9799.02,0.0,,False
ORD000455,EXCEPTION,SETTLEMENT_MISSING,"Successful payment exists, but no settlement record exists.",,,,,True
ORD000456,RECONCILED,,,1969.02,1969.02,0.0,Settlement occurred 3 days after payment.,False
ORD000457,RECONCILED,,,2454.02,2454.02,0.0,,False
ORD000458,RECONCILED,,,5212.46,5212.46,0.0,Settlement occurred 5 days after payment.,False
ORD000459,EXCEPTION,SETTLEMENT_MISSING,"Successful payment exists, but no settlement record exists.",,,,,True
ORD000460,EXCEPTION,SETTLEMENT_AMOUNT_MISMATCH,"Expected settlement is 979.02, but actual settlement is 774.02. Difference is 205.00.",979.02,774.02,205.0,,True
ORD000461,EXCEPTION,PAYMENT_AMOUNT_MISMATCH,"Order amount is 7499.00, but payment amount is 6722.84.",,,,,True
ORD000462,EXCEPTION,SETTLEMENT_AMOUNT_MISMATCH,"Expected settlement is 296.01, but actual settlement is 196.01. Difference is 100.00.",296.01,196.01,100.0,,True
ORD000463,EXCEPTION,SETTLEMENT_AMOUNT_MISMATCH,"Expected settlement is 7997.41, but actual settlement is 7004.41. Difference is 993.00.",7997.41,7004.41,993.0,,True
ORD000464,RECONCILED,,,8152.84,8152.84,0.0,,False
ORD000465,EXCEPTION,SETTLEMENT_AMOUNT_MISMATCH,"Expected settlement is 7424.01, but actual settlement is 6899.01. Difference is 525.00.",7424.01,6899.01,525.0,,True
ORD000466,RECONCILED,,,1476.52,1476.52,0.0,,False
ORD000467,RECONCILED,,,4949.01,4949.01,0.0,,False
ORD000468,EXCEPTION,PAYMENT_AMOUNT_MISMATCH,"Order amount is 11796.00, but payment amount is 10111.86.",,,,,True
ORD000469,RECONCILED,,,11448.36,11448.36,0.0,,False
ORD000470,EXCEPTION,DUPLICATE_SETTLEMENT,2 settlement records found for this payment.,4924.02,4924.02,0.0,,True
ORD000471,RECONCILED,,,981.02,981.02,0.0,,False
ORD000472,EXCEPTION,SETTLEMENT_AMOUNT_MISMATCH,"Expected settlement is 8531.82, but actual settlement is 7869.82. Difference is 662.00.",8531.82,7869.82,662.0,,True
ORD000473,RECONCILED,,,5891.02,5891.02,0.0,,False
ORD000474,RECONCILED,,,12996.72,12996.72,0.0,,False
ORD000475,RECONCILED,,,1963.02,1963.02,0.0,,False
ORD000476,EXCEPTION,SETTLEMENT_AMOUNT_MISMATCH,"Expected settlement is 787.02, but actual settlement is 596.02. Difference is 191.00.",787.02,596.02,191.0,,True
ORD000477,RECONCILED,,,3959.01,3959.01,0.0,,False
ORD000478,RECONCILED,,,8831.51,8831.51,0.0,Settlement occurred 5 days after payment.,False
ORD000479,EXCEPTION,SETTLEMENT_AMOUNT_MISMATCH,"Expected settlement is 10578.10, but actual settlement is 10062.10. Difference is 516.00.",10578.1,10062.1,516.0,,True
ORD000480,EXCEPTION,DUPLICATE_PAYMENT,2 successful payments found for this order.,,,,,True
ORD000481,RECONCILED,,,293.62,293.62,0.0,,False
ORD000482,EXCEPTION,SETTLEMENT_AMOUNT_MISMATCH,"Expected settlement is 984.02, but actual settlement is 826.02. Difference is 158.00.",984.02,826.02,158.0,,True
ORD000483,RECONCILED,,,5891.02,5891.02,0.0,,False
ORD000484,RECONCILED,,,984.02,984.02,0.0,,False
ORD000485,RECONCILED,,,1469.02,1469.02,0.0,,False
ORD000486,RECONCILED,,,2969.01,2969.01,0.0,,False
ORD000487,RECONCILED,,,9867.73,9867.73,0.0,,False
ORD000488,RECONCILED,,,14631.8,14631.8,0.0,,False
ORD000489,RECONCILED,,,1476.52,1476.52,0.0,,False
ORD000490,RECONCILED,,,9849.02,9849.02,0.0,,False
ORD000491,EXCEPTION,SETTLEMENT_AMOUNT_MISMATCH,"Expected settlement is 9819.02, but actual settlement is 9241.02. Difference is 578.00.",9819.02,9241.02,578.0,,True
ORD000492,RECONCILED,,,7349.02,7349.02,0.0,,False
ORD000493,EXCEPTION,DUPLICATE_PAYMENT,2 successful payments found for this order.,,,,,True
ORD000494,RECONCILED,,,5879.02,5879.02,0.0,,False
ORD000495,EXCEPTION,SETTLEMENT_AMOUNT_MISMATCH,"Expected settlement is 11589.48, but actual settlement is 11145.48. Difference is 444.00.",11589.48,11145.48,444.0,,True
ORD000496,RECONCILED,,,2969.01,2969.01,0.0,Settlement occurred 4 days after payment.,False
ORD000497,EXCEPTION,PAYMENT_AMOUNT_MISMATCH,"Order amount is 1326.00, but payment amount is 1246.19.",,,,,True
ORD000498,EXCEPTION,SETTLEMENT_AMOUNT_MISMATCH,"Expected settlement is 5909.02, but actual settlement is 5261.02. Difference is 648.00.",5909.02,5261.02,648.0,,True
ORD000499,EXCEPTION,PAYMENT_AMOUNT_MISMATCH,"Order amount is 299.00, but payment amount is 260.57.",,,,,True
ORD000500,EXCEPTION,DUPLICATE_SETTLEMENT,2 settlement records found for this payment.,3275.12,3275.12,0.0,,True
ORD000501,EXCEPTION,PAYMENT_NOT_SUCCESSFUL,Payment was not successful.,,,,,False
ORD000502,RECONCILED,,,11111.78,11111.78,0.0,,False
ORD000503,RECONCILED,,,794.89,794.89,0.0,,False
ORD000504,RECONCILED,,,984.02,984.02,0.0,,False
ORD000505,RECONCILED,,,4924.02,4924.02,0.0,,False
ORD000506,RECONCILED,,,1969.02,1969.02,0.0,,False
ORD000507,EXCEPTION,SETTLEMENT_AMOUNT_MISMATCH,"Expected settlement is 3185.00, but actual settlement is 2597.00. Difference is 588.00.",3185.0,2597.0,588.0,,True
ORD000508,RECONCILED,,,784.62,784.62,0.0,,False
ORD000509,EXCEPTION,SETTLEMENT_MISSING,"Successful payment exists, but no settlement record exists.",,,,,True
ORD000510,RECONCILED,,,1768.07,1768.07,0.0,,False
ORD000511,EXCEPTION,SETTLEMENT_AMOUNT_MISMATCH,"Expected settlement is 2954.02, but actual settlement is 2586.02. Difference is 368.00.",2954.02,2586.02,368.0,,True
ORD000512,RECONCILED,,,7364.02,7364.02,0.0,,False
ORD000513,RECONCILED,,,3919.02,3919.02,0.0,,False
ORD000514,EXCEPTION,SETTLEMENT_AMOUNT_MISMATCH,"Expected settlement is 494.01, but actual settlement is 384.01. Difference is 110.00.",494.01,384.01,110.0,,True
ORD000515,EXCEPTION,DUPLICATE_PAYMENT,2 successful payments found for this order.,,,,,True
ORD000516,EXCEPTION,DUPLICATE_PAYMENT,2 successful payments found for this order.,,,,,True
ORD000517,RECONCILED,,,5909.02,5909.02,0.0,,False
ORD000518,RECONCILED,,,3939.02,3939.02,0.0,,False
ORD000519,RECONCILED,,,5068.8,5068.8,0.0,Settlement occurred 3 days after payment.,False
ORD000520,RECONCILED,,,9819.02,9819.02,0.0,,False
ORD000521,RECONCILED,,,5939.01,5939.01,0.0,,False
ORD000522,RECONCILED,,,9799.02,9799.02,0.0,,False
ORD000523,RECONCILED,,,13661.58,13661.58,0.0,,False
ORD000524,RECONCILED,,,10712.79,10712.79,0.0,,False
ORD000525,RECONCILED,,,2474.01,2474.01,0.0,,False
ORD000526,EXCEPTION,SETTLEMENT_AMOUNT_MISMATCH,"Expected settlement is 7556.78, but actual settlement is 6658.78. Difference is 898.00.",7556.78,6658.78,898.0,,True
ORD000527,EXCEPTION,SETTLEMENT_AMOUNT_MISMATCH,"Expected settlement is 1053.95, but actual settlement is 739.95. Difference is 314.00.",1053.95,739.95,314.0,,True
ORD000528,RECONCILED,,,5909.02,5909.02,0.0,,False
ORD000529,RECONCILED,,,984.02,984.02,0.0,,False
ORD000530,RECONCILED,,,9799.02,9799.02,0.0,,False
ORD000531,EXCEPTION,SETTLEMENT_AMOUNT_MISMATCH,"Expected settlement is 3076.16, but actual settlement is 2432.16. Difference is 644.00.",3076.16,2432.16,644.0,,True
ORD000532,RECONCILED,,,293.02,293.02,0.0,,False
ORD000533,RECONCILED,,,5939.01,5939.01,0.0,,False
ORD000534,EXCEPTION,SETTLEMENT_AMOUNT_MISMATCH,"Expected settlement is 5891.02, but actual settlement is 4963.02. Difference is 928.00.",5891.02,4963.02,928.0,,True
ORD000535,EXCEPTION,SETTLEMENT_AMOUNT_MISMATCH,"Expected settlement is 989.01, but actual settlement is 772.01. Difference is 217.00.",989.01,772.01,217.0,,True
ORD000536,RECONCILED,,,296.01,296.01,0.0,,False
ORD000537,RECONCILED,,,494.01,494.01,0.0,,False
ORD000538,RECONCILED,,,5766.32,5766.32,0.0,,False
ORD000539,EXCEPTION,SETTLEMENT_AMOUNT_MISMATCH,"Expected settlement is 11636.52, but actual settlement is 11186.52. Difference is 450.00.",11636.52,11186.52,450.0,,True
ORD000540,EXCEPTION,PAYMENT_NOT_SUCCESSFUL,Payment was not successful.,,,,,False
ORD000541,RECONCILED,,,3487.77,3487.77,0.0,,False
ORD000542,RECONCILED,,,3609.34,3609.34,0.0,,False
ORD000543,EXCEPTION,PAYMENT_NOT_SUCCESSFUL,Payment was not successful.,,,,,False
ORD000544,RECONCILED,,,984.02,984.02,0.0,,False
ORD000545,RECONCILED,,,2449.02,2449.02,0.0,,False
ORD000546,EXCEPTION,SETTLEMENT_AMOUNT_MISMATCH,"Expected settlement is 12211.65, but actual settlement is 11649.65. Difference is 562.00.",12211.65,11649.65,562.0,,True
ORD000547,RECONCILED,,,3927.02,3927.02,0.0,,False
ORD000548,RECONCILED,,,489.02,489.02,0.0,,False
ORD000549,RECONCILED,,,2954.02,2954.02,0.0,,False
ORD000550,EXCEPTION,SETTLEMENT_MISSING,"Successful payment exists, but no settlement record exists.",,,,,True
ORD000551,EXCEPTION,PAYMENT_AMOUNT_MISMATCH,"Order amount is 5999.00, but payment amount is 5534.04.",,,,,True
ORD000552,RECONCILED,,,2461.52,2461.52,0.0,,False
ORD000553,RECONCILED,,,979.02,979.02,0.0,,False
ORD000554,RECONCILED,,,3927.02,3927.02,0.0,,False
ORD000555,RECONCILED,,,3075.17,3075.17,0.0,Settlement occurred 7 days after payment.,False
ORD000556,RECONCILED,,,2509.99,2509.99,0.0,,False
ORD000557,RECONCILED,,,2461.52,2461.52,0.0,,False
ORD000558,EXCEPTION,SETTLEMENT_AMOUNT_MISMATCH,"Expected settlement is 11418.70, but actual settlement is 10801.70. Difference is 617.00.",11418.7,10801.7,617.0,,True
ORD000559,RECONCILED,,,791.01,791.01,0.0,,False
ORD000560,RECONCILED,,,596.07,596.07,0.0,,False
ORD000561,RECONCILED,,,5939.01,5939.01,0.0,,False
ORD000562,RECONCILED,,,7349.02,7349.02,0.0,,False
ORD000563,RECONCILED,,,5879.02,5879.02,0.0,,False
ORD000564,RECONCILED,,,787.02,787.02,0.0,,False
ORD000565,RECONCILED,,,11674.08,11674.08,0.0,,False
ORD000566,RECONCILED,,,787.02,787.02,0.0,,False
ORD000567,RECONCILED,,,491.52,491.52,0.0,,False
ORD000568,RECONCILED,,,12726.45,12726.45,0.0,,False
ORD000569,RECONCILED,,,1979.01,1979.01,0.0,,False
ORD000570,RECONCILED,,,9849.02,9849.02,0.0,Settlement occurred 6 days after payment.,False
ORD000571,RECONCILED,,,10398.65,10398.65,0.0,,False
ORD000572,EXCEPTION,SETTLEMENT_AMOUNT_MISMATCH,"Expected settlement is 2939.02, but actual settlement is 2164.02. Difference is 775.00.",2939.02,2164.02,775.0,,True
ORD000573,EXCEPTION,SETTLEMENT_AMOUNT_MISMATCH,"Expected settlement is 4899.02, but actual settlement is 4560.02. Difference is 339.00.",4899.02,4560.02,339.0,,True
ORD000574,EXCEPTION,PAYMENT_AMOUNT_MISMATCH,"Order amount is 8770.00, but payment amount is 8293.24.",,,,,True
ORD000575,EXCEPTION,SETTLEMENT_MISSING,"Successful payment exists, but no settlement record exists.",,,,,True
ORD000576,RECONCILED,,,294.52,294.52,0.0,,False
ORD000577,RECONCILED,,,1698.14,1698.14,0.0,,False
ORD000578,RECONCILED,,,1476.52,1476.52,0.0,Settlement occurred 7 days after payment.,False
ORD000579,RECONCILED,,,294.52,294.52,0.0,,False
ORD000580,RECONCILED,,,293.62,293.62,0.0,,False
ORD000581,RECONCILED,,,5891.02,5891.02,0.0,,False
ORD000582,RECONCILED,,,296.01,296.01,0.0,,False
ORD000583,RECONCILED,,,12345.3,12345.3,0.0,,False
ORD000584,RECONCILED,,,4941.75,4941.75,0.0,,False
ORD000585,RECONCILED,,,1469.02,1469.02,0.0,,False
ORD000586,EXCEPTION,SETTLEMENT_AMOUNT_MISMATCH,"Expected settlement is 2213.64, but actual settlement is 1802.64. Difference is 411.00.",2213.64,1802.64,411.0,,True
ORD000587,RECONCILED,,,787.02,787.02,0.0,,False
ORD000588,RECONCILED,,,3919.02,3919.02,0.0,,False
ORD000589,RECONCILED,,,2474.01,2474.01,0.0,,False
ORD000590,RECONCILED,,,11335.66,11335.66,0.0,,False
ORD000591,EXCEPTION,DUPLICATE_PAYMENT,2 successful payments found for this order.,,,,,True
ORD000592,RECONCILED,,,4924.02,4924.02,0.0,,False
ORD000593,EXCEPTION,PAYMENT_NOT_SUCCESSFUL,Payment was not successful.,,,,,False
ORD000594,RECONCILED,,,296.01,296.01,0.0,,False
ORD000595,EXCEPTION,SETTLEMENT_AMOUNT_MISMATCH,"Expected settlement is 5939.01, but actual settlement is 4971.01. Difference is 968.00.",5939.01,4971.01,968.0,,True
ORD000596,EXCEPTION,SETTLEMENT_AMOUNT_MISMATCH,"Expected settlement is 296.01, but actual settlement is 196.01. Difference is 100.00.",296.01,196.01,100.0,,True
ORD000597,RECONCILED,,,489.02,489.02,0.0,,False
ORD000598,RECONCILED,,,4899.02,4899.02,0.0,,False
ORD000599,EXCEPTION,SETTLEMENT_MISSING,"Successful payment exists, but no settlement record exists.",,,,,True
ORD000600,RECONCILED,,,4924.02,4924.02,0.0,,False
ORD000601,RECONCILED,,,14777.73,14777.73,0.0,Settlement occurred 6 days after payment.,False
ORD000602,RECONCILED,,,293.02,293.02,0.0,,False
ORD000603,EXCEPTION,DUPLICATE_PAYMENT,2 successful payments found for this order.,,,,,True
ORD000604,EXCEPTION,SETTLEMENT_MISSING,"Successful payment exists, but no settlement record exists.",,,,,True
ORD000605,EXCEPTION,DUPLICATE_PAYMENT,2 successful payments found for this order.,,,,,True
ORD000606,RECONCILED,,,1959.02,1959.02,0.0,,False
ORD000607,EXCEPTION,PAYMENT_AMOUNT_MISMATCH,"Order amount is 299.00, but payment amount is 275.54.",,,,,True
ORD000608,EXCEPTION,SETTLEMENT_AMOUNT_MISMATCH,"Expected settlement is 783.02, but actual settlement is 565.02. Difference is 218.00.",783.02,565.02,218.0,,True
ORD000609,EXCEPTION,PAYMENT_AMOUNT_MISMATCH,"Order amount is 999.00, but payment amount is 932.80.",,,,,True
ORD000610,RECONCILED,,,2606.67,2606.67,0.0,,False
ORD000611,EXCEPTION,PAYMENT_NOT_SUCCESSFUL,Payment was not successful.,,,,,False
ORD000612,RECONCILED,,,9849.02,9849.02,0.0,,False
ORD000613,RECONCILED,,,14585.34,14585.34,0.0,,False
ORD000614,RECONCILED,,,2449.02,2449.02,0.0,,False
ORD000615,RECONCILED,,,6159.2,6159.2,0.0,,False
ORD000616,RECONCILED,,,1045.09,1045.09,0.0,,False
ORD000617,RECONCILED,,,489.02,489.02,0.0,,False
ORD000618,EXCEPTION,SETTLEMENT_AMOUNT_MISMATCH,"Expected settlement is 7364.02, but actual settlement is 6547.02. Difference is 817.00.",7364.02,6547.02,817.0,,True
ORD000619,EXCEPTION,SETTLEMENT_MISSING,"Successful payment exists, but no settlement record exists.",,,,,True
ORD000620,RECONCILED,,,2945.02,2945.02,0.0,,False
ORD000621,RECONCILED,,,1472.02,1472.02,0.0,,False
ORD000622,RECONCILED,,,3919.02,3919.02,0.0,,False
ORD000623,RECONCILED,,,4899.02,4899.02,0.0,Settlement occurred 3 days after payment.,False
ORD000624,EXCEPTION,DUPLICATE_SETTLEMENT,2 settlement records found for this payment.,784.62,784.62,0.0,,True
ORD000625,RECONCILED,,,2939.02,2939.02,0.0,Settlement occurred 7 days after payment.,False
ORD000626,EXCEPTION,SETTLEMENT_AMOUNT_MISMATCH,"Expected settlement is 4909.02, but actual settlement is 4693.02. Difference is 216.00.",4909.02,4693.02,216.0,,True
ORD000627,RECONCILED,,,783.02,783.02,0.0,,False
ORD000628,RECONCILED,,,1469.02,1469.02,0.0,,False
ORD000629,EXCEPTION,SETTLEMENT_AMOUNT_MISMATCH,"Expected settlement is 1469.02, but actual settlement is 1201.02. Difference is 268.00.",1469.02,1201.02,268.0,,True
ORD000630,EXCEPTION,PAYMENT_AMOUNT_MISMATCH,"Order amount is 9999.00, but payment amount is 9155.52.",,,,,True
ORD000631,RECONCILED,,,13303.41,13303.41,0.0,Settlement occurred 5 days after payment.,False
ORD000632,RECONCILED,,,3927.02,3927.02,0.0,,False
ORD000633,RECONCILED,,,3959.01,3959.01,0.0,Settlement occurred 6 days after payment.,False
ORD000634,RECONCILED,,,494.01,494.01,0.0,,False
ORD000635,RECONCILED,,,9849.02,9849.02,0.0,,False
ORD000636,EXCEPTION,PAYMENT_AMOUNT_MISMATCH,"Order amount is 11277.00, but payment amount is 10016.88.",,,,,True
ORD000637,RECONCILED,,,6780.51,6780.51,0.0,,False
ORD000638,RECONCILED,,,9899.01,9899.01,0.0,,False
ORD000639,EXCEPTION,SETTLEMENT_AMOUNT_MISMATCH,"Expected settlement is 981.02, but actual settlement is 761.02. Difference is 220.00.",981.02,761.02,220.0,,True
ORD000640,RECONCILED,,,11671.07,11671.07,0.0,,False
ORD000641,RECONCILED,,,5909.02,5909.02,0.0,,False
ORD000642,RECONCILED,,,489.02,489.02,0.0,,False
ORD000643,RECONCILED,,,981.02,981.02,0.0,,False
ORD000644,RECONCILED,,,989.01,989.01,0.0,,False
ORD000645,EXCEPTION,SETTLEMENT_AMOUNT_MISMATCH,"Expected settlement is 787.02, but actual settlement is 577.02. Difference is 210.00.",787.02,577.02,210.0,,True
ORD000646,RECONCILED,,,9899.01,9899.01,0.0,,False
ORD000647,RECONCILED,,,491.52,491.52,0.0,,False
ORD000648,EXCEPTION,PAYMENT_AMOUNT_MISMATCH,"Order amount is 1191.00, but payment amount is 1085.24.",,,,,True
ORD000649,EXCEPTION,PAYMENT_AMOUNT_MISMATCH,"Order amount is 13955.00, but payment amount is 12688.68.",,,,,True
ORD000650,EXCEPTION,SETTLEMENT_AMOUNT_MISMATCH,"Expected settlement is 3927.02, but actual settlement is 3513.02. Difference is 414.00.",3927.02,3513.02,414.0,,True
ORD000651,RECONCILED,,,8601.12,8601.12,0.0,,False
ORD000652,EXCEPTION,SETTLEMENT_AMOUNT_MISMATCH,"Expected settlement is 9899.01, but actual settlement is 9409.01. Difference is 490.00.",9899.01,9409.01,490.0,,True
ORD000653,RECONCILED,,,4949.01,4949.01,0.0,,False
ORD000654,EXCEPTION,SETTLEMENT_MISSING,"Successful payment exists, but no settlement record exists.",,,,,True
ORD000655,RECONCILED,,,296.01,296.01,0.0,Settlement occurred 3 days after payment.,False
ORD000656,RECONCILED,,,5891.02,5891.02,0.0,,False
ORD000657,EXCEPTION,SETTLEMENT_MISSING,"Successful payment exists, but no settlement record exists.",,,,,True
ORD000658,EXCEPTION,PAYMENT_AMOUNT_MISMATCH,"Order amount is 7499.00, but payment amount is 6198.99.",,,,,True
ORD000659,RECONCILED,,,2229.05,2229.05,0.0,,False
ORD000660,EXCEPTION,PAYMENT_AMOUNT_MISMATCH,"Order amount is 1999.00, but payment amount is 1871.48.",,,,,True
ORD000661,RECONCILED,,,9799.02,9799.02,0.0,,False
ORD000662,RECONCILED,,,1484.01,1484.01,0.0,,False
ORD000663,RECONCILED,,,1959.02,1959.02,0.0,,False
ORD000664,RECONCILED,,,7364.02,7364.02,0.0,,False
ORD000665,EXCEPTION,DUPLICATE_PAYMENT,2 successful payments found for this order.,,,,,True
ORD000666,EXCEPTION,PAYMENT_NOT_SUCCESSFUL,Payment was not successful.,,,,,False
ORD000667,RECONCILED,,,4924.02,4924.02,0.0,Settlement occurred 7 days after payment.,False
ORD000668,EXCEPTION,PAYMENT_NOT_SUCCESSFUL,Payment was not successful.,,,,,False
ORD000669,RECONCILED,,,489.02,489.02,0.0,,False
ORD000670,RECONCILED,,,5939.01,5939.01,0.0,,False
ORD000671,RECONCILED,,,5909.02,5909.02,0.0,,False
ORD000672,RECONCILED,,,2945.02,2945.02,0.0,,False
ORD000673,RECONCILED,,,1969.02,1969.02,0.0,,False
ORD000674,RECONCILED,,,6436.03,6436.03,0.0,,False
ORD000675,RECONCILED,,,784.62,784.62,0.0,,False
ORD000676,EXCEPTION,SETTLEMENT_MISSING,"Successful payment exists, but no settlement record exists.",,,,,True
ORD000677,EXCEPTION,PAYMENT_NOT_SUCCESSFUL,Payment was not successful.,,,,,False
ORD000678,RECONCILED,,,784.62,784.62,0.0,,False
ORD000679,EXCEPTION,SETTLEMENT_MISSING,"Successful payment exists, but no settlement record exists.",,,,,True
ORD000680,RECONCILED,,,5939.01,5939.01,0.0,,False
ORD000681,RECONCILED,,,4924.02,4924.02,0.0,,False
ORD000682,RECONCILED,,,4949.01,4949.01,0.0,,False
ORD000683,RECONCILED,,,2969.01,2969.01,0.0,,False
ORD000684,RECONCILED,,,3619.44,3619.44,0.0,,False
ORD000685,RECONCILED,,,7349.02,7349.02,0.0,,False
ORD000686,RECONCILED,,,6992.3,6992.3,0.0,Settlement occurred 3 days after payment.,False
ORD000687,EXCEPTION,PAYMENT_NOT_SUCCESSFUL,Payment was not successful.,,,,,False
ORD000688,RECONCILED,,,1472.02,1472.02,0.0,Settlement occurred 3 days after payment.,False
ORD000689,RECONCILED,,,9899.01,9899.01,0.0,,False
ORD000690,RECONCILED,,,5080.32,5080.32,0.0,,False
ORD000691,EXCEPTION,PAYMENT_NOT_SUCCESSFUL,Payment was not successful.,,,,,False
ORD000692,RECONCILED,,,5909.02,5909.02,0.0,Settlement occurred 7 days after payment.,False
ORD000693,RECONCILED,,,2454.02,2454.02,0.0,,False
ORD000694,EXCEPTION,SETTLEMENT_MISSING,"Successful payment exists, but no settlement record exists.",,,,,True
ORD000695,RECONCILED,,,9755.19,9755.19,0.0,Settlement occurred 6 days after payment.,False
ORD000696,RECONCILED,,,10318.86,10318.86,0.0,,False
ORD000697,RECONCILED,,,2232.01,2232.01,0.0,,False
ORD000698,EXCEPTION,PAYMENT_AMOUNT_MISMATCH,"Order amount is 4999.00, but payment amount is 4557.41.",,,,,True
ORD000699,EXCEPTION,DUPLICATE_PAYMENT,2 successful payments found for this order.,,,,,True
ORD000700,EXCEPTION,PAYMENT_AMOUNT_MISMATCH,"Order amount is 8543.00, but payment amount is 6945.88.",,,,,True
ORD000701,EXCEPTION,SETTLEMENT_AMOUNT_MISMATCH,"Expected settlement is 7386.52, but actual settlement is 6994.52. Difference is 392.00.",7386.52,6994.52,392.0,,True
ORD000702,RECONCILED,,,6582.76,6582.76,0.0,,False
ORD000703,EXCEPTION,SETTLEMENT_AMOUNT_MISMATCH,"Expected settlement is 1472.02, but actual settlement is 1124.02. Difference is 348.00.",1472.02,1124.02,348.0,,True
ORD000704,EXCEPTION,SETTLEMENT_MISSING,"Successful payment exists, but no settlement record exists.",,,,,True
ORD000705,EXCEPTION,DUPLICATE_PAYMENT,2 successful payments found for this order.,,,,,True
ORD000706,EXCEPTION,PAYMENT_AMOUNT_MISMATCH,"Order amount is 1499.00, but payment amount is 1244.41.",,,,,True
ORD000707,RECONCILED,,,1963.02,1963.02,0.0,,False
ORD000708,RECONCILED,,,4899.02,4899.02,0.0,,False
ORD000709,RECONCILED,,,2454.02,2454.02,0.0,Settlement occurred 5 days after payment.,False
ORD000710,RECONCILED,,,787.02,787.02,0.0,Settlement occurred 7 days after payment.,False
ORD000711,RECONCILED,,,13951.54,13951.54,0.0,,False
ORD000712,EXCEPTION,PAYMENT_NOT_SUCCESSFUL,Payment was not successful.,,,,,False
ORD000713,RECONCILED,,,11748.65,11748.65,0.0,,False
ORD000714,EXCEPTION,SETTLEMENT_AMOUNT_MISMATCH,"Expected settlement is 2474.01, but actual settlement is 2242.01. Difference is 232.00.",2474.01,2242.01,232.0,,True
ORD000715,RECONCILED,,,1107.7,1107.7,0.0,,False
ORD000716,RECONCILED,,,4899.02,4899.02,0.0,,False
ORD000717,EXCEPTION,PAYMENT_AMOUNT_MISMATCH,"Order amount is 4004.00, but payment amount is 3672.23.",,,,,True
ORD000718,EXCEPTION,DUPLICATE_PAYMENT,2 successful payments found for this order.,,,,,True
ORD000719,EXCEPTION,SETTLEMENT_AMOUNT_MISMATCH,"Expected settlement is 296.01, but actual settlement is 196.01. Difference is 100.00.",296.01,196.01,100.0,,True
ORD000720,RECONCILED,,,4924.02,4924.02,0.0,,False
ORD000721,RECONCILED,,,787.02,787.02,0.0,,False
ORD000722,RECONCILED,,,1472.02,1472.02,0.0,,False
ORD000723,RECONCILED,,,11787.93,11787.93,0.0,,False
ORD000724,RECONCILED,,,5909.02,5909.02,0.0,,False
ORD000725,RECONCILED,,,783.02,783.02,0.0,,False
ORD000726,EXCEPTION,PAYMENT_NOT_SUCCESSFUL,Payment was not successful.,,,,,False
ORD000727,RECONCILED,,,9799.02,9799.02,0.0,,False
ORD000728,RECONCILED,,,2939.02,2939.02,0.0,,False
ORD000729,RECONCILED,,,3959.01,3959.01,0.0,,False
ORD000730,RECONCILED,,,13526.94,13526.94,0.0,,False
ORD000731,RECONCILED,,,5891.02,5891.02,0.0,Settlement occurred 3 days after payment.,False
ORD000732,RECONCILED,,,6440.56,6440.56,0.0,,False
ORD000733,EXCEPTION,SETTLEMENT_AMOUNT_MISMATCH,"Expected settlement is 1469.02, but actual settlement is 1315.02. Difference is 154.00.",1469.02,1315.02,154.0,,True
ORD000734,RECONCILED,,,791.01,791.01,0.0,,False
ORD000735,EXCEPTION,PAYMENT_AMOUNT_MISMATCH,"Order amount is 2499.00, but payment amount is 2023.72.",,,,,True
ORD000736,RECONCILED,,,7364.02,7364.02,0.0,,False
ORD000737,RECONCILED,,,2939.02,2939.02,0.0,,False
ORD000738,RECONCILED,,,2474.01,2474.01,0.0,Settlement occurred 5 days after payment.,False
ORD000739,EXCEPTION,PAYMENT_NOT_SUCCESSFUL,Payment was not successful.,,,,,False
ORD000740,EXCEPTION,PAYMENT_NOT_SUCCESSFUL,Payment was not successful.,,,,,False
ORD000741,RECONCILED,,,11242.92,11242.92,0.0,,False
ORD000742,RECONCILED,,,784.62,784.62,0.0,,False
ORD000743,RECONCILED,,,7364.02,7364.02,0.0,Settlement occurred 7 days after payment.,False
ORD000744,RECONCILED,,,787.02,787.02,0.0,Settlement occurred 6 days after payment.,False
ORD000745,RECONCILED,,,1469.02,1469.02,0.0,,False
ORD000746,RECONCILED,,,984.02,984.02,0.0,,False
ORD000747,RECONCILED,,,4053.28,4053.28,0.0,Settlement occurred 6 days after payment.,False
ORD000748,EXCEPTION,DUPLICATE_SETTLEMENT,2 settlement records found for this payment.,5879.02,5879.02,0.0,,True
ORD000749,EXCEPTION,PAYMENT_AMOUNT_MISMATCH,"Order amount is 299.00, but payment amount is 249.30.",,,,,True
ORD000750,RECONCILED,,,791.01,791.01,0.0,,False
ORD000751,EXCEPTION,SETTLEMENT_AMOUNT_MISMATCH,"Expected settlement is 979.02, but actual settlement is 870.02. Difference is 109.00.",979.02,870.02,109.0,,True
ORD000752,RECONCILED,,,2273.33,2273.33,0.0,,False
ORD000753,RECONCILED,,,989.01,989.01,0.0,,False
ORD000754,EXCEPTION,SETTLEMENT_MISSING,"Successful payment exists, but no settlement record exists.",,,,,True
ORD000755,RECONCILED,,,8120.16,8120.16,0.0,Settlement occurred 5 days after payment.,False
ORD000756,EXCEPTION,DUPLICATE_SETTLEMENT,2 settlement records found for this payment.,7349.02,7349.02,0.0,,True
ORD000757,RECONCILED,,,8680.84,8680.84,0.0,,False
ORD000758,RECONCILED,,,13992.66,13992.66,0.0,,False
ORD000759,RECONCILED,,,5879.02,5879.02,0.0,Settlement occurred 6 days after payment.,False
ORD000760,RECONCILED,,,2954.02,2954.02,0.0,Settlement occurred 4 days after payment.,False
ORD000761,RECONCILED,,,5891.02,5891.02,0.0,,False
ORD000762,RECONCILED,,,2969.01,2969.01,0.0,,False
ORD000763,EXCEPTION,PAYMENT_AMOUNT_MISMATCH,"Order amount is 1499.00, but payment amount is 1234.11.",,,,,True
ORD000764,RECONCILED,,,9849.02,9849.02,0.0,,False
ORD000765,RECONCILED,,,1979.01,1979.01,0.0,,False
ORD000766,EXCEPTION,SETTLEMENT_MISSING,"Successful payment exists, but no settlement record exists.",,,,,True
ORD000767,EXCEPTION,SETTLEMENT_AMOUNT_MISMATCH,"Expected settlement is 1484.01, but actual settlement is 1081.01. Difference is 403.00.",1484.01,1081.01,403.0,,True
ORD000768,RECONCILED,,,491.52,491.52,0.0,,False
ORD000769,RECONCILED,,,2954.02,2954.02,0.0,,False
ORD000770,EXCEPTION,SETTLEMENT_MISSING,"Successful payment exists, but no settlement record exists.",,,,,True
ORD000771,RECONCILED,,,9849.02,9849.02,0.0,,False
ORD000772,RECONCILED,,,4899.02,4899.02,0.0,,False
ORD000773,RECONCILED,,,293.02,293.02,0.0,,False
ORD000774,RECONCILED,,,1969.02,1969.02,0.0,,False
ORD000775,RECONCILED,,,12390.31,12390.31,0.0,,False
ORD000776,RECONCILED,,,783.02,783.02,0.0,,False
ORD000777,RECONCILED,,,5909.02,5909.02,0.0,,False
ORD000778,RECONCILED,,,1472.02,1472.02,0.0,,False
ORD000779,RECONCILED,,,791.01,791.01,0.0,,False
ORD000780,EXCEPTION,PAYMENT_NOT_SUCCESSFUL,Payment was not successful.,,,,,False
ORD000781,RECONCILED,,,10793.16,10793.16,0.0,,False
ORD000782,EXCEPTION,SETTLEMENT_AMOUNT_MISMATCH,"Expected settlement is 7349.02, but actual settlement is 6874.02. Difference is 475.00.",7349.02,6874.02,475.0,,True
ORD000783,RECONCILED,,,4899.02,4899.02,0.0,,False
ORD000784,RECONCILED,,,4922.28,4922.28,0.0,,False
ORD000785,EXCEPTION,SETTLEMENT_MISSING,"Successful payment exists, but no settlement record exists.",,,,,True
ORD000786,EXCEPTION,SETTLEMENT_AMOUNT_MISMATCH,"Expected settlement is 1963.02, but actual settlement is 1619.02. Difference is 344.00.",1963.02,1619.02,344.0,,True
ORD000787,RECONCILED,,,2945.02,2945.02,0.0,,False
ORD000788,RECONCILED,,,5715.95,5715.95,0.0,,False
ORD000789,EXCEPTION,DUPLICATE_PAYMENT,2 successful payments found for this order.,,,,,True
ORD000790,RECONCILED,,,10811.82,10811.82,0.0,,False
ORD000791,RECONCILED,,,9749.04,9749.04,0.0,,False
ORD000792,RECONCILED,,,5891.02,5891.02,0.0,Settlement occurred 5 days after payment.,False
ORD000793,EXCEPTION,DUPLICATE_PAYMENT,2 successful payments found for this order.,,,,,True
ORD000794,RECONCILED,,,2461.52,2461.52,0.0,Settlement occurred 6 days after payment.,False
ORD000795,RECONCILED,,,7349.02,7349.02,0.0,Settlement occurred 3 days after payment.,False
ORD000796,EXCEPTION,SETTLEMENT_MISSING,"Successful payment exists, but no settlement record exists.",,,,,True
ORD000797,RECONCILED,,,1484.01,1484.01,0.0,,False
ORD000798,RECONCILED,,,669.72,669.72,0.0,,False
ORD000799,RECONCILED,,,5891.02,5891.02,0.0,,False
ORD000800,EXCEPTION,SETTLEMENT_AMOUNT_MISMATCH,"Expected settlement is 491.52, but actual settlement is 391.52. Difference is 100.00.",491.52,391.52,100.0,,True
ORD000801,RECONCILED,,,7349.02,7349.02,0.0,,False
ORD000802,RECONCILED,,,5891.02,5891.02,0.0,,False
ORD000803,EXCEPTION,DUPLICATE_PAYMENT,2 successful payments found for this order.,,,,,True
ORD000804,RECONCILED,,,783.02,783.02,0.0,,False
ORD000805,EXCEPTION,SETTLEMENT_MISSING,"Successful payment exists, but no settlement record exists.",,,,,True
ORD000806,EXCEPTION,DUPLICATE_PAYMENT,2 successful payments found for this order.,,,,,True
ORD000807,RECONCILED,,,1979.01,1979.01,0.0,,False
ORD000808,EXCEPTION,PAYMENT_AMOUNT_MISMATCH,"Order amount is 8841.00, but payment amount is 7979.23.",,,,,True
ORD000809,RECONCILED,,,4924.02,4924.02,0.0,,False
ORD000810,RECONCILED,,,9899.01,9899.01,0.0,,False
ORD000811,RECONCILED,,,4909.02,4909.02,0.0,,False
ORD000812,EXCEPTION,DUPLICATE_PAYMENT,2 successful payments found for this order.,,,,,True
ORD000813,RECONCILED,,,13590.72,13590.72,0.0,Settlement occurred 5 days after payment.,False
ORD000814,RECONCILED,,,294.52,294.52,0.0,,False
ORD000815,RECONCILED,,,13686.68,13686.68,0.0,,False
ORD000816,RECONCILED,,,7897.82,7897.82,0.0,,False
ORD000817,RECONCILED,,,8575.41,8575.41,0.0,,False
ORD000818,RECONCILED,,,1979.01,1979.01,0.0,,False
ORD000819,EXCEPTION,SETTLEMENT_AMOUNT_MISMATCH,"Expected settlement is 1578.07, but actual settlement is 1273.07. Difference is 305.00.",1578.07,1273.07,305.0,,True
ORD000820,EXCEPTION,DUPLICATE_PAYMENT,2 successful payments found for this order.,,,,,True
ORD000821,RECONCILED,,,784.62,784.62,0.0,,False
ORD000822,EXCEPTION,SETTLEMENT_MISSING,"Successful payment exists, but no settlement record exists.",,,,,True
ORD000823,RECONCILED,,,1979.01,1979.01,0.0,,False
ORD000824,EXCEPTION,SETTLEMENT_AMOUNT_MISMATCH,"Expected settlement is 2474.01, but actual settlement is 1832.01. Difference is 642.00.",2474.01,1832.01,642.0,,True
ORD000825,RECONCILED,,,1979.01,1979.01,0.0,,False
ORD000826,EXCEPTION,SETTLEMENT_AMOUNT_MISMATCH,"Expected settlement is 1472.02, but actual settlement is 1310.02. Difference is 162.00.",1472.02,1310.02,162.0,,True
ORD000827,RECONCILED,,,984.02,984.02,0.0,,False
ORD000828,EXCEPTION,SETTLEMENT_MISSING,"Successful payment exists, but no settlement record exists.",,,,,True
ORD000829,EXCEPTION,SETTLEMENT_AMOUNT_MISMATCH,"Expected settlement is 8120.28, but actual settlement is 7467.28. Difference is 653.00.",8120.28,7467.28,653.0,,True
ORD000830,RECONCILED,,,9799.02,9799.02,0.0,Settlement occurred 3 days after payment.,False
ORD000831,RECONCILED,,,431.64,431.64,0.0,,False
ORD000832,RECONCILED,,,11432.68,11432.68,0.0,,False
ORD000833,EXCEPTION,PAYMENT_AMOUNT_MISMATCH,"Order amount is 799.00, but payment amount is 667.46.",,,,,True
ORD000834,RECONCILED,,,2945.02,2945.02,0.0,,False
ORD000835,EXCEPTION,PAYMENT_AMOUNT_MISMATCH,"Order amount is 1999.00, but payment amount is 1853.16.",,,,,True
ORD000836,RECONCILED,,,784.62,784.62,0.0,,False
ORD000837,RECONCILED,,,1476.52,1476.52,0.0,,False
ORD000838,RECONCILED,,,293.02,293.02,0.0,,False
ORD000839,RECONCILED,,,12343.32,12343.32,0.0,,False
ORD000840,RECONCILED,,,4544.1,4544.1,0.0,,False
ORD000841,RECONCILED,,,5891.02,5891.02,0.0,,False
ORD000842,RECONCILED,,,5909.02,5909.02,0.0,,False
ORD000843,RECONCILED,,,2474.01,2474.01,0.0,,False
ORD000844,RECONCILED,,,6516.02,6516.02,0.0,,False
ORD000845,EXCEPTION,SETTLEMENT_AMOUNT_MISMATCH,"Expected settlement is 5626.17, but actual settlement is 4712.17. Difference is 914.00.",5626.17,4712.17,914.0,,True
ORD000846,RECONCILED,,,6933.5,6933.5,0.0,,False
ORD000847,RECONCILED,,,6350.59,6350.59,0.0,Settlement occurred 5 days after payment.,False
ORD000848,RECONCILED,,,3939.02,3939.02,0.0,,False
ORD000849,RECONCILED,,,2954.02,2954.02,0.0,,False
ORD000850,EXCEPTION,SETTLEMENT_AMOUNT_MISMATCH,"Expected settlement is 9008.01, but actual settlement is 8614.01. Difference is 394.00.",9008.01,8614.01,394.0,,True
ORD000851,EXCEPTION,SETTLEMENT_MISSING,"Successful payment exists, but no settlement record exists.",,,,,True
ORD000852,RECONCILED,,,494.01,494.01,0.0,,False
ORD000853,RECONCILED,,,2969.01,2969.01,0.0,,False
ORD000854,RECONCILED,,,293.02,293.02,0.0,,False
ORD000855,RECONCILED,,,8673.91,8673.91,0.0,,False
ORD000856,EXCEPTION,SETTLEMENT_AMOUNT_MISMATCH,"Expected settlement is 9819.02, but actual settlement is 9442.02. Difference is 377.00.",9819.02,9442.02,377.0,,True
ORD000857,RECONCILED,,,293.62,293.62,0.0,,False
ORD000858,EXCEPTION,SETTLEMENT_AMOUNT_MISMATCH,"Expected settlement is 494.01, but actual settlement is 365.01. Difference is 129.00.",494.01,365.01,129.0,,True
ORD000859,EXCEPTION,PAYMENT_AMOUNT_MISMATCH,"Order amount is 3999.00, but payment amount is 3632.94.",,,,,True
ORD000860,EXCEPTION,SETTLEMENT_AMOUNT_MISMATCH,"Expected settlement is 11043.57, but actual settlement is 10832.57. Difference is 211.00.",11043.57,10832.57,211.0,,True
ORD000861,RECONCILED,,,7386.52,7386.52,0.0,,False
ORD000862,EXCEPTION,DUPLICATE_SETTLEMENT,2 settlement records found for this payment.,11157.3,11157.3,0.0,,True
ORD000863,RECONCILED,,,966.28,966.28,0.0,,False
ORD000864,RECONCILED,,,3919.02,3919.02,0.0,,False
ORD000865,RECONCILED,,,2474.01,2474.01,0.0,,False
ORD000866,EXCEPTION,DUPLICATE_PAYMENT,2 successful payments found for this order.,,,,,True
ORD000867,EXCEPTION,SETTLEMENT_AMOUNT_MISMATCH,"Expected settlement is 7349.02, but actual settlement is 6387.02. Difference is 962.00.",7349.02,6387.02,962.0,,True
ORD000868,EXCEPTION,SETTLEMENT_AMOUNT_MISMATCH,"Expected settlement is 783.02, but actual settlement is 616.02. Difference is 167.00.",783.02,616.02,167.0,,True
ORD000869,RECONCILED,,,7424.01,7424.01,0.0,,False
ORD000870,RECONCILED,,,659.34,659.34,0.0,,False
ORD000871,RECONCILED,,,491.52,491.52,0.0,,False
ORD000872,RECONCILED,,,294.52,294.52,0.0,,False
ORD000873,RECONCILED,,,4899.02,4899.02,0.0,,False
ORD000874,RECONCILED,,,494.01,494.01,0.0,,False
ORD000875,RECONCILED,,,7172.77,7172.77,0.0,,False
ORD000876,EXCEPTION,PAYMENT_AMOUNT_MISMATCH,"Order amount is 9396.00, but payment amount is 7734.74.",,,,,True
ORD000877,EXCEPTION,SETTLEMENT_AMOUNT_MISMATCH,"Expected settlement is 1484.01, but actual settlement is 1381.01. Difference is 103.00.",1484.01,1381.01,103.0,,True
ORD000878,RECONCILED,,,1476.52,1476.52,0.0,,False
ORD000879,RECONCILED,,,491.52,491.52,0.0,,False
ORD000880,EXCEPTION,PAYMENT_NOT_SUCCESSFUL,Payment was not successful.,,,,,False
ORD000881,EXCEPTION,SETTLEMENT_AMOUNT_MISMATCH,"Expected settlement is 2474.01, but actual settlement is 2093.01. Difference is 381.00.",2474.01,2093.01,381.0,,True
ORD000882,RECONCILED,,,784.62,784.62,0.0,Settlement occurred 4 days after payment.,False
ORD000883,RECONCILED,,,11035.78,11035.78,0.0,,False
ORD000884,RECONCILED,,,14103.23,14103.23,0.0,,False
ORD000885,RECONCILED,,,9438.38,9438.38,0.0,,False
ORD000886,RECONCILED,,,1963.02,1963.02,0.0,,False
ORD000887,RECONCILED,,,4899.02,4899.02,0.0,,False
ORD000888,RECONCILED,,,2461.52,2461.52,0.0,,False
ORD000889,EXCEPTION,PAYMENT_AMOUNT_MISMATCH,"Order amount is 7731.00, but payment amount is 6474.06.",,,,,True
ORD000890,RECONCILED,,,6802.29,6802.29,0.0,Settlement occurred 6 days after payment.,False
ORD000891,EXCEPTION,SETTLEMENT_AMOUNT_MISMATCH,"Expected settlement is 8544.69, but actual settlement is 8273.69. Difference is 271.00.",8544.69,8273.69,271.0,,True
ORD000892,RECONCILED,,,1969.02,1969.02,0.0,,False
ORD000893,EXCEPTION,SETTLEMENT_AMOUNT_MISMATCH,"Expected settlement is 7364.02, but actual settlement is 7060.02. Difference is 304.00.",7364.02,7060.02,304.0,,True
ORD000894,EXCEPTION,SETTLEMENT_AMOUNT_MISMATCH,"Expected settlement is 2969.01, but actual settlement is 2748.01. Difference is 221.00.",2969.01,2748.01,221.0,,True
ORD000895,RECONCILED,,,1484.01,1484.01,0.0,,False
ORD000896,RECONCILED,,,7364.02,7364.02,0.0,,False
ORD000897,EXCEPTION,PAYMENT_AMOUNT_MISMATCH,"Order amount is 7499.00, but payment amount is 6983.26.",,,,,True
ORD000898,RECONCILED,,,1476.52,1476.52,0.0,,False
ORD000899,RECONCILED,,,3919.02,3919.02,0.0,,False
ORD000900,EXCEPTION,SETTLEMENT_AMOUNT_MISMATCH,"Expected settlement is 1979.01, but actual settlement is 1446.01. Difference is 533.00.",1979.01,1446.01,533.0,,True
ORD000901,RECONCILED,,,3919.02,3919.02,0.0,,False
ORD000902,EXCEPTION,PAYMENT_NOT_SUCCESSFUL,Payment was not successful.,,,,,False
ORD000903,RECONCILED,,,524.7,524.7,0.0,,False
ORD000904,EXCEPTION,PAYMENT_NOT_SUCCESSFUL,Payment was not successful.,,,,,False
ORD000905,RECONCILED,,,784.62,784.62,0.0,,False
ORD000906,RECONCILED,,,3927.02,3927.02,0.0,Settlement occurred 3 days after payment.,False
ORD000907,EXCEPTION,SETTLEMENT_AMOUNT_MISMATCH,"Expected settlement is 3259.26, but actual settlement is 2626.26. Difference is 633.00.",3259.26,2626.26,633.0,,True
ORD000908,EXCEPTION,SETTLEMENT_MISSING,"Successful payment exists, but no settlement record exists.",,,,,True
ORD000909,RECONCILED,,,984.02,984.02,0.0,,False
ORD000910,RECONCILED,,,11135.74,11135.74,0.0,,False
ORD000911,RECONCILED,,,1472.02,1472.02,0.0,,False
ORD000912,RECONCILED,,,296.01,296.01,0.0,,False
ORD000913,EXCEPTION,SETTLEMENT_AMOUNT_MISMATCH,"Expected settlement is 1979.01, but actual settlement is 1398.01. Difference is 581.00.",1979.01,1398.01,581.0,,True
ORD000914,RECONCILED,,,296.01,296.01,0.0,,False
ORD000915,RECONCILED,,,11636.52,11636.52,0.0,,False
ORD000916,EXCEPTION,SETTLEMENT_AMOUNT_MISMATCH,"Expected settlement is 5879.02, but actual settlement is 4978.02. Difference is 901.00.",5879.02,4978.02,901.0,,True
ORD000917,RECONCILED,,,5461.88,5461.88,0.0,,False
ORD000918,EXCEPTION,SETTLEMENT_MISSING,"Successful payment exists, but no settlement record exists.",,,,,True
ORD000919,RECONCILED,,,2019.25,2019.25,0.0,,False
ORD000920,RECONCILED,,,11883.96,11883.96,0.0,,False
ORD000921,RECONCILED,,,5909.02,5909.02,0.0,,False
ORD000922,RECONCILED,,,784.62,784.62,0.0,,False
ORD000923,RECONCILED,,,2437.38,2437.38,0.0,,False
ORD000924,RECONCILED,,,4949.01,4949.01,0.0,,False
ORD000925,EXCEPTION,SETTLEMENT_AMOUNT_MISMATCH,"Expected settlement is 5909.02, but actual settlement is 5421.02. Difference is 488.00.",5909.02,5421.02,488.0,,True
ORD000926,RECONCILED,,,13705.29,13705.29,0.0,,False
ORD000927,RECONCILED,,,3526.38,3526.38,0.0,,False
ORD000928,EXCEPTION,PAYMENT_NOT_SUCCESSFUL,Payment was not successful.,,,,,False
ORD000929,RECONCILED,,,7424.01,7424.01,0.0,,False
ORD000930,RECONCILED,,,1969.02,1969.02,0.0,,False
ORD000931,RECONCILED,,,1959.17,1959.17,0.0,,False
ORD000932,RECONCILED,,,1476.52,1476.52,0.0,,False
ORD000933,RECONCILED,,,1418.01,1418.01,0.0,,False
ORD000934,RECONCILED,,,1469.02,1469.02,0.0,,False
ORD000935,EXCEPTION,SETTLEMENT_AMOUNT_MISMATCH,"Expected settlement is 2939.02, but actual settlement is 2400.02. Difference is 539.00.",2939.02,2400.02,539.0,,True
ORD000936,RECONCILED,,,5939.01,5939.01,0.0,,False
ORD000937,RECONCILED,,,491.52,491.52,0.0,,False
ORD000938,RECONCILED,,,4924.02,4924.02,0.0,,False
ORD000939,RECONCILED,,,2954.02,2954.02,0.0,Settlement occurred 5 days after payment.,False
ORD000940,RECONCILED,,,4707.45,4707.45,0.0,,False
ORD000941,EXCEPTION,SETTLEMENT_AMOUNT_MISMATCH,"Expected settlement is 1979.01, but actual settlement is 1570.01. Difference is 409.00.",1979.01,1570.01,409.0,,True
ORD000942,RECONCILED,,,490.02,490.02,0.0,,False
ORD000943,RECONCILED,,,4909.02,4909.02,0.0,,False
ORD000944,RECONCILED,,,2474.01,2474.01,0.0,Settlement occurred 6 days after payment.,False
ORD000945,RECONCILED,,,491.52,491.52,0.0,,False
ORD000946,RECONCILED,,,9819.02,9819.02,0.0,Settlement occurred 6 days after payment.,False
ORD000947,EXCEPTION,SETTLEMENT_MISSING,"Successful payment exists, but no settlement record exists.",,,,,True
ORD000948,RECONCILED,,,14566.99,14566.99,0.0,,False
ORD000949,RECONCILED,,,7386.52,7386.52,0.0,,False
ORD000950,EXCEPTION,DUPLICATE_PAYMENT,2 successful payments found for this order.,,,,,True
ORD000951,RECONCILED,,,783.02,783.02,0.0,,False
ORD000952,RECONCILED,,,1451.38,1451.38,0.0,,False
ORD000953,EXCEPTION,SETTLEMENT_AMOUNT_MISMATCH,"Expected settlement is 1969.02, but actual settlement is 1766.02. Difference is 203.00.",1969.02,1766.02,203.0,,True
ORD000954,RECONCILED,,,4909.02,4909.02,0.0,,False
ORD000955,EXCEPTION,PAYMENT_AMOUNT_MISMATCH,"Order amount is 1499.00, but payment amount is 1404.57.",,,,,True
ORD000956,EXCEPTION,SETTLEMENT_MISSING,"Successful payment exists, but no settlement record exists.",,,,,True
ORD000957,RECONCILED,,,7386.52,7386.52,0.0,,False
ORD000958,RECONCILED,,,1469.02,1469.02,0.0,,False
ORD000959,EXCEPTION,PAYMENT_NOT_SUCCESSFUL,Payment was not successful.,,,,,False
ORD000960,EXCEPTION,SETTLEMENT_AMOUNT_MISMATCH,"Expected settlement is 981.02, but actual settlement is 745.02. Difference is 236.00.",981.02,745.02,236.0,,True
ORD000961,RECONCILED,,,490.02,490.02,0.0,Settlement occurred 5 days after payment.,False
ORD000962,RECONCILED,,,12419.35,12419.35,0.0,,False
ORD000963,RECONCILED,,,489.02,489.02,0.0,,False
ORD000964,EXCEPTION,SETTLEMENT_AMOUNT_MISMATCH,"Expected settlement is 11029.82, but actual settlement is 10639.82. Difference is 390.00.",11029.82,10639.82,390.0,,True
ORD000965,EXCEPTION,SETTLEMENT_MISSING,"Successful payment exists, but no settlement record exists.",,,,,True
ORD000966,RECONCILED,,,1484.01,1484.01,0.0,,False
ORD000967,EXCEPTION,SETTLEMENT_MISSING,"Successful payment exists, but no settlement record exists.",,,,,True
ORD000968,RECONCILED,,,4899.02,4899.02,0.0,,False
ORD000969,RECONCILED,,,9799.02,9799.02,0.0,Settlement occurred 6 days after payment.,False
ORD000970,EXCEPTION,SETTLEMENT_MISSING,"Successful payment exists, but no settlement record exists.",,,,,True
ORD000971,EXCEPTION,SETTLEMENT_AMOUNT_MISMATCH,"Expected settlement is 1969.02, but actual settlement is 1860.02. Difference is 109.00.",1969.02,1860.02,109.0,,True
ORD000972,EXCEPTION,PAYMENT_AMOUNT_MISMATCH,"Order amount is 3999.00, but payment amount is 3660.89.",,,,,True
ORD000973,RECONCILED,,,9388.17,9388.17,0.0,,False
ORD000974,RECONCILED,,,1959.02,1959.02,0.0,,False
ORD000975,RECONCILED,,,11264.12,11264.12,0.0,,False
ORD000976,EXCEPTION,SETTLEMENT_AMOUNT_MISMATCH,"Expected settlement is 1959.02, but actual settlement is 1616.02. Difference is 343.00.",1959.02,1616.02,343.0,,True
ORD000977,RECONCILED,,,6900.3,6900.3,0.0,,False
ORD000978,EXCEPTION,DUPLICATE_PAYMENT,2 successful payments found for this order.,,,,,True
ORD000979,RECONCILED,,,1484.01,1484.01,0.0,Settlement occurred 3 days after payment.,False
ORD000980,EXCEPTION,SETTLEMENT_AMOUNT_MISMATCH,"Expected settlement is 989.01, but actual settlement is 726.01. Difference is 263.00.",989.01,726.01,263.0,,True
ORD000981,EXCEPTION,SETTLEMENT_MISSING,"Successful payment exists, but no settlement record exists.",,,,,True
ORD000982,RECONCILED,,,8685.27,8685.27,0.0,,False
ORD000983,RECONCILED,,,9819.02,9819.02,0.0,,False
ORD000984,RECONCILED,,,3919.02,3919.02,0.0,,False
ORD000985,EXCEPTION,PAYMENT_AMOUNT_MISMATCH,"Order amount is 2499.00, but payment amount is 2100.25.",,,,,True
ORD000986,RECONCILED,,,1979.01,1979.01,0.0,,False
ORD000987,RECONCILED,,,2969.01,2969.01,0.0,,False
ORD000988,RECONCILED,,,9849.02,9849.02,0.0,,False
ORD000989,RECONCILED,,,10383.1,10383.1,0.0,,False
ORD000990,RECONCILED,,,1979.01,1979.01,0.0,,False
ORD000991,RECONCILED,,,10699.64,10699.64,0.0,,False
ORD000992,RECONCILED,,,14072.7,14072.7,0.0,,False
ORD000993,EXCEPTION,SETTLEMENT_AMOUNT_MISMATCH,"Expected settlement is 6265.59, but actual settlement is 5548.59. Difference is 717.00.",6265.59,5548.59,717.0,,True
ORD000994,RECONCILED,,,787.02,787.02,0.0,,False
ORD000995,EXCEPTION,PAYMENT_AMOUNT_MISMATCH,"Order amount is 3999.00, but payment amount is 3473.47.",,,,,True
ORD000996,RECONCILED,,,491.52,491.52,0.0,,False
ORD000997,RECONCILED,,,4899.02,4899.02,0.0,,False
ORD000998,RECONCILED,,,3820.96,3820.96,0.0,,False
ORD000999,RECONCILED,,,5891.02,5891.02,0.0,,False
ORD001000,EXCEPTION,DUPLICATE_PAYMENT,2 successful payments found for this order.,,,,,True
